epoch,loss,hardening_loss,r_loss,auxiliary_loss,learning_rate,validation_hardening_mre_percent,validation_r_mre_percent,validation_selection_score
1,1.0635772943496704,0.6068524718284607,0.15949471294879913,0.9182358980178833,0.002,16.108743848765073,14.419600435193193,30.528344283958265
2,0.8805444240570068,0.5125622749328613,0.1376359760761261,0.618067741394043,0.002,13.72611682167124,14.354119154635034,28.080235976306277
3,0.7237958908081055,0.40364012122154236,0.12159302085638046,0.5131315588951111,0.002,10.774467071174962,18.666800446351587,29.441267517526548
4,0.5846195816993713,0.2728528678417206,0.1202421560883522,0.47521597146987915,0.002,7.439561443725211,16.98159954599463,24.42116098971984
5,0.42747676372528076,0.14576555788516998,0.10700099915266037,0.45139461755752563,0.002,5.310221687858866,14.057451409873368,19.367673097732233
6,0.36691293120384216,0.11116698384284973,0.09553610533475876,0.43115827441215515,0.002,6.283298732344124,13.23559894182863,19.518897674172752
7,0.37949663400650024,0.14473462104797363,0.08608544617891312,0.4172742962837219,0.002,6.83757012807714,13.05663533075265,19.894205458829788
8,0.3734824061393738,0.1582106202840805,0.07690025866031647,0.40980857610702515,0.002,5.581109825679538,13.047126104824075,18.62823593050361
9,0.3270203471183777,0.11412720382213593,0.07556533068418503,0.41174983978271484,0.002,4.662146786229184,13.075938597645948,17.73808538387513
10,0.26334628462791443,0.08154991269111633,0.05999946594238281,0.4119828939437866,0.002,4.938886319956022,13.22495579850017,18.16384211845619
11,0.24186371266841888,0.07769078016281128,0.051773808896541595,0.4041687846183777,0.002,5.383425828759801,13.290000909150715,18.673426737910514
12,0.2383490949869156,0.08275163173675537,0.04894991219043732,0.38465094566345215,0.002,5.389119812571264,13.239519765652844,18.628639578224107
13,0.21002967655658722,0.08240608125925064,0.036199770867824554,0.36816030740737915,0.002,5.068620692908631,13.431374712464903,18.499995405373536
14,0.1790032982826233,0.07080710679292679,0.027777662500739098,0.3509390950202942,0.002,4.4913785285248204,14.03728851271165,18.528667041236467
15,0.1622510552406311,0.0573037751019001,0.027025286108255386,0.3393113315105438,0.002,4.002171174590618,13.502085893522963,17.50425706811358
16,0.14353084564208984,0.05196518823504448,0.020909227430820465,0.33164799213409424,0.002,3.7600502391280677,13.295447833257318,17.055498072385387
17,0.13758572936058044,0.053941093385219574,0.017343487590551376,0.32638436555862427,0.002,3.691012657475581,14.533149700826014,18.224162358301594
18,0.13562598824501038,0.053368546068668365,0.017161596566438675,0.3195616602897644,0.002,3.505268992369339,14.775730820966848,18.280999813336187
19,0.11379770189523697,0.047855839133262634,0.009941396303474903,0.30706048011779785,0.002,3.283487716907959,15.452243559709228,18.735731276617187
20,0.1131240725517273,0.04492659121751785,0.012040230445563793,0.294113427400589,0.002,3.0396724463734737,13.985867197713075,17.02553964408655
21,0.10520279407501221,0.041492871940135956,0.010479124262928963,0.2850111722946167,0.002,2.967023560158868,13.411586642316598,16.378610202475468
22,0.10556300729513168,0.04210510849952698,0.011138061061501503,0.27454519271850586,0.002,3.0914029736359274,13.993097826631834,17.08450080026776
23,0.09802769124507904,0.03986034169793129,0.009133445098996162,0.2660030722618103,0.002,3.155588054081314,14.59539209661276,17.750980150694073
24,0.11095824837684631,0.04325395077466965,0.014565899036824703,0.25714996457099915,0.002,2.9221198053326516,14.113584444490396,17.03570424982305
25,0.0879969447851181,0.03649748116731644,0.007117811590433121,0.24842560291290283,0.002,2.8574596964026515,14.742421000978828,17.59988069738148
26,0.09820899367332458,0.035654667764902115,0.01301766000688076,0.243460014462471,0.002,2.8771200199135,13.707169292282606,16.584289312196105
27,0.08264388889074326,0.033575646579265594,0.007051120977848768,0.23310664296150208,0.002,3.0210549534621944,13.9997913494488,17.020846302910993
28,0.08325186371803284,0.0325479581952095,0.008513463661074638,0.2245132029056549,0.002,3.1754274821300785,12.905319288988174,16.08074677111825
29,0.07648447155952454,0.03236161917448044,0.005624611862003803,0.21915751695632935,0.002,3.2287169804154803,13.283268459301087,16.511985439716568
30,0.0812525749206543,0.031329184770584106,0.009136494249105453,0.2110026329755783,0.002,3.2709399713276524,12.993631624764024,16.264571596091677
31,0.07298684865236282,0.03288215771317482,0.00481654517352581,0.20314401388168335,0.002,3.2504444504645575,14.259678048887151,17.510122499351706
32,0.06668467819690704,0.02841942012310028,0.0043700579553842545,0.19683429598808289,0.002,3.186386070426639,14.631033381465667,17.817419451892306
33,0.0667455643415451,0.02893776446580887,0.004719650372862816,0.18912331759929657,0.002,2.9765110747283234,12.94692081520776,15.923431889936085
34,0.06375738233327866,0.028821393847465515,0.003945714794099331,0.18029704689979553,0.002,2.7288381274407896,12.171622480344451,14.90046060778524
35,0.05873975157737732,0.02656228467822075,0.003064212389290333,0.1736602485179901,0.002,2.792105104341992,12.981395553588035,15.773500657930029
36,0.056249797344207764,0.02546585723757744,0.0028093336150050163,0.16776849329471588,0.002,2.9086375369152453,13.951357432885342,16.85999496980059
37,0.05585990101099014,0.025969043374061584,0.002896766411140561,0.16064882278442383,0.002,2.902741918097462,14.939899789432584,17.842641707530046
38,0.053087055683135986,0.025611456483602524,0.0019810968078672886,0.15675602853298187,0.002,2.734338390907124,14.699977557786317,17.434315948693442
39,0.054455649107694626,0.023846512660384178,0.004259434994310141,0.14726844429969788,0.002,2.5253110815318225,13.423434554673246,15.94874563620507
40,0.05335000529885292,0.023271344602108,0.004363617394119501,0.14234283566474915,0.002,2.37222690173393,12.90945736205314,15.28168426378707
41,0.04790273681282997,0.02332124300301075,0.0019837780855596066,0.1374262571334839,0.002,2.2709448094532676,13.345390830888274,15.616335640341541
42,0.05431486293673515,0.02207322232425213,0.006203130818903446,0.13223585486412048,0.002,2.25458945220284,14.127250654171805,16.381840106374646
43,0.0504610612988472,0.022594576701521873,0.00435804994776845,0.12766921520233154,0.002,2.230182897210089,14.348588570442308,16.5787714676524
44,0.0488462969660759,0.021199209615588188,0.004654302261769772,0.12225653231143951,0.002,2.2096810891865886,13.45771403821825,15.667395127404838
45,0.044883161783218384,0.021013332530856133,0.0033352335449308157,0.11466241627931595,0.002,2.2438699600909726,12.246036535972383,14.489906496063353
46,0.04753789305686951,0.02052665688097477,0.0051412382163107395,0.11152505874633789,0.002,2.2810628978313185,12.913270375095667,15.194333272926986
47,0.04281032830476761,0.0202757827937603,0.003187248483300209,0.10773363709449768,0.002,2.3613110138181894,13.579001068051715,15.940312081869907
48,0.042850296944379807,0.020308999344706535,0.0036072772927582264,0.10217827558517456,0.002,2.3525813885290217,14.359231216861692,16.711812605390712
49,0.04474338889122009,0.02016672119498253,0.004836485721170902,0.0993579775094986,0.002,2.291233219295772,13.965638604933009,16.25687182422878
50,0.03913774713873863,0.02004311978816986,0.0024973549880087376,0.0939994603395462,0.002,2.243919870816696,14.463996007029579,16.707915877846276
51,0.040417350828647614,0.02032379060983658,0.003228127956390381,0.09091535210609436,0.002,2.241526789025964,14.713389869582876,16.95491665860884
52,0.03813428431749344,0.019163519144058228,0.003144090762361884,0.08455055952072144,0.002,2.3285811255908047,14.309339821553277,16.63792094714408
53,0.03688693791627884,0.02039480209350586,0.0020590322092175484,0.08249379694461823,0.002,2.392017708165603,13.214267533633276,15.60628524179888
54,0.036420442163944244,0.01951092854142189,0.002452584682032466,0.0800289586186409,0.002,2.3688837054043193,12.96904774177438,15.337931447178702
55,0.03541994094848633,0.019299371168017387,0.0023232032544910908,0.07649442553520203,0.002,2.3167395474648766,13.039440865988869,15.356180413453746
56,0.033138424158096313,0.01870129443705082,0.0018484866013750434,0.07160104811191559,0.002,2.308139908562167,13.132397496880877,15.440537405443045
57,0.03568067401647568,0.01835411787033081,0.003527864348143339,0.06847217679023743,0.002,2.283429886019148,14.036832636936955,16.320262522956103
58,0.03346547856926918,0.01885445974767208,0.0023255283012986183,0.06639975309371948,0.002,2.2795317038275082,14.046432641682271,16.32596434550978
59,0.035044655203819275,0.01858176477253437,0.0034396119881421328,0.06389112025499344,0.002,2.246488376375543,13.313735655072223,15.560224031447767
60,0.031233984977006912,0.018158482387661934,0.001928188605234027,0.061460837721824646,0.002,2.225330577210825,12.41863538321355,14.643965960424374
61,0.04063653200864792,0.01863381452858448,0.006515964865684509,0.059805259108543396,0.002,2.1731592581739854,12.062067020736045,14.23522627891003
62,0.03103489801287651,0.018070142716169357,0.0022616861388087273,0.056275878101587296,0.002,2.24674120795221,12.950601563649187,15.197342771601397
63,0.03102714940905571,0.019485246390104294,0.0016539685893803835,0.05489311367273331,0.002,2.241075045070922,14.21961263497844,16.460687680049364
64,0.030141156166791916,0.01886841654777527,0.001668091514147818,0.05291036516427994,0.002,2.1004795050332725,14.551699573994634,16.652179079027906
65,0.031072231009602547,0.017808103933930397,0.0029126019217073917,0.04959281533956528,0.002,2.0996198888236712,13.43056142588798,15.53018131471165
66,0.03129541873931885,0.017708171159029007,0.0031086679082363844,0.04913274943828583,0.002,2.124801661891967,13.380951317916603,15.505752979808571
67,0.03380123898386955,0.017331212759017944,0.004740566946566105,0.04659262299537659,0.002,2.193184102417751,13.112391040129989,15.30557514254774
68,0.027712557464838028,0.016881074756383896,0.002025092486292124,0.045208655297756195,0.002,2.2287286353505875,12.814297548303932,15.04302618365452
69,0.029358692467212677,0.016819855198264122,0.0028833760879933834,0.04514724388718605,0.002,2.2912085286110986,12.033818480782763,14.325027009393862
70,0.030449289828538895,0.016593802720308304,0.0037943359930068254,0.04177876561880112,0.002,2.3851548977392616,12.490065876078324,14.875220773817585
71,0.027306172996759415,0.016379911452531815,0.0024443056900054216,0.040251005440950394,0.002,2.48981605541034,13.556952665614524,16.046768721024865
72,0.028676271438598633,0.01923723891377449,0.0018174914875999093,0.03869365155696869,0.002,2.3838544803919794,14.497603314751482,16.88145779514346
73,0.029745934531092644,0.01869620755314827,0.0026906116399914026,0.037790022790431976,0.002,2.1868269529447373,14.446922949329407,16.633749902274143
74,0.027586881071329117,0.016161896288394928,0.0029847268015146255,0.03637019917368889,0.002,2.033673887241186,13.330895230749867,15.364569117991053
75,0.025995150208473206,0.016823777928948402,0.001986611634492874,0.034654319286346436,0.002,1.9433151295795263,12.290342193833816,14.233657323413343
76,0.028070010244846344,0.016314566135406494,0.003321816911920905,0.03407873585820198,0.002,2.02205214150605,11.980210683673135,14.002262825179185
77,0.02504952810704708,0.01604238897562027,0.0021127897780388594,0.0318770557641983,0.002,2.2472698293819957,12.471943929972905,14.719213759354902
78,0.027327023446559906,0.016140222549438477,0.003214931581169367,0.03171293064951897,0.002,2.3287708506110163,13.36388062670858,15.692651477319597
79,0.0271938294172287,0.01627487502992153,0.0031269958708435297,0.031099747866392136,0.002,2.10536350533541,14.14395733031108,16.24932083564649
80,0.0323031023144722,0.01927565224468708,0.0042149992659688,0.030649669468402863,0.002,1.8929833368892817,13.581818324673883,15.474801661563165
81,0.02747301198542118,0.016683349385857582,0.003197012236341834,0.029304251074790955,0.002,1.966585028021615,12.686584075370943,14.653169103392557
82,0.02835705503821373,0.018008651211857796,0.0029774620197713375,0.029289865866303444,0.002,2.2401946342361096,12.185451753915306,14.425646388151417
83,0.027543213218450546,0.016517164185643196,0.003423062851652503,0.027866151183843613,0.002,2.499704950009155,12.624984230918098,15.124689180927254
84,0.022211194038391113,0.016304200515151024,0.0009519452578388155,0.026687361299991608,0.002,2.6394940795412087,13.326236142767112,15.96573022230832
85,0.024085592478513718,0.016159476712346077,0.0018960958113893867,0.02755950391292572,0.002,2.418665108924208,13.631969390944537,16.050634499868746
86,0.0246006790548563,0.016394473612308502,0.002100194338709116,0.02670544758439064,0.002,2.0376414302094656,13.398590213624995,15.43623164383446
87,0.024419255554676056,0.01659829542040825,0.0020435668993741274,0.024892183020710945,0.002,1.8650160827230553,13.069598914014346,14.934614996737402
88,0.021305661648511887,0.01578088290989399,0.0008195252739824355,0.025904841721057892,0.002,1.9760020953070125,12.92516803790601,14.901170133213022
89,0.02520378865301609,0.015344161540269852,0.003090769052505493,0.02452058717608452,0.002,2.238825764992059,12.858267862683828,15.097093627675887
90,0.024030445143580437,0.015472617000341415,0.002510152291506529,0.023583488538861275,0.002,2.3244748857860187,13.014975571148563,15.33945045693458
91,0.02493550069630146,0.015994083136320114,0.0026980233378708363,0.02363581582903862,0.002,2.23318011547221,13.15470531973496,15.38788543520717
92,0.023074407130479813,0.015178868547081947,0.0022549470886588097,0.022570962086319923,0.002,2.1135898081873288,12.953067465270932,15.066657273458262
93,0.01983625814318657,0.014917656779289246,0.0008579292334616184,0.021351629868149757,0.002,2.0204428437502133,12.835446044065776,14.85588888781599
94,0.024750521406531334,0.016618039458990097,0.00247885100543499,0.02116519957780838,0.002,2.1088777304456343,12.970670198633371,15.079547929079007
95,0.022405752912163734,0.014982996508479118,0.0021278157364577055,0.02111416682600975,0.002,2.2456701660159593,13.163288839080783,15.408959005096742
96,0.024230148643255234,0.016845017671585083,0.0021750847809016705,0.020233072340488434,0.002,2.2973775248498307,13.688014485961258,15.98539201081109
97,0.021565651521086693,0.014456930570304394,0.0020797611214220524,0.019661318510770798,0.002,2.277977328842527,13.219867357868434,15.497844686710959
98,0.02078128233551979,0.013770941644906998,0.002097729127854109,0.018765877932310104,0.002,2.269908420209181,12.791660979074509,15.06156939928369
99,0.023769455030560493,0.015295134857296944,0.0028352756053209305,0.018691791221499443,0.002,2.164098600177696,12.487872077280882,14.651970677458579
100,0.02553856372833252,0.015760622918605804,0.00354142882861197,0.017967229709029198,0.002,2.244861294029747,12.348450098928716,14.593311392958464
101,0.019807491451501846,0.014882938005030155,0.0011679778108373284,0.017257314175367355,0.002,2.37020963196251,12.563756865673561,14.933966497636073
