condition_id,split,work_mj_m3,loading_angle_deg,effective_plastic_strain,stress_radius_mpa,sigma11_mpa,sigma22_mpa,sigma12_mpa
TS001,val,0.25,0.0,0.0010856142,261.92535,238.12976,108.73896,8.0682
TS001,val,0.25,20.0,0.001012072,276.6927,238.42967,139.63164,14.591572
TS001,val,0.25,40.0,0.0010159787,277.8058,226.9716,159.33801,16.433754
TS001,val,0.25,60.0,0.0010811081,264.13138,196.10767,176.23885,15.530813
TS001,val,0.25,80.0,0.0012287333,228.71489,129.84138,187.83109,12.252385
TS001,val,0.25,100.0,0.0014597602,187.724,41.69866,182.72879,10.235145
TS001,val,0.25,120.0,0.001779579,156.76761,-23.989132,154.21185,14.680355
TS001,val,0.25,140.0,0.001876278,148.01587,-138.07436,49.824184,18.929804
TS001,val,0.25,160.0,0.0013026535,225.06027,-217.46106,-57.336052,4.6638293
TS001,val,0.5,0.0,0.0020150228,274.48434,246.87732,119.36892,11.92125
TS001,val,0.5,20.0,0.0019000435,286.2259,245.63695,145.8987,17.348213
TS001,val,0.5,40.0,0.0018992345,287.4681,235.99974,163.09822,18.451149
TS001,val,0.5,60.0,0.002002935,277.5016,211.24568,179.08412,17.611929
TS001,val,0.5,80.0,0.0022884281,242.7316,145.64328,193.6819,13.685706
TS001,val,0.5,100.0,0.0027573917,196.75185,47.70243,190.6195,9.925405
TS001,val,0.5,120.0,0.0033335576,164.43402,-20.867907,162.45026,14.585106
TS001,val,0.5,140.0,0.003507738,157.28145,-149.66733,43.906044,20.081861
TS001,val,0.5,160.0,0.0023663102,243.6105,-232.2135,-73.56016,1.4275099
TS001,val,0.75,0.0,0.0029133765,282.87466,253.37138,125.02891,13.683806
TS001,val,0.75,20.0,0.0027560918,293.42258,251.49377,150.00974,18.555174
TS001,val,0.75,40.0,0.0027521579,294.5861,242.15782,166.62032,19.441084
TS001,val,0.75,60.0,0.0028875316,285.461,218.92377,182.24548,18.547726
TS001,val,0.75,80.0,0.0033033544,252.15605,155.46011,197.9902,14.644255
TS001,val,0.75,100.0,0.0040087504,202.82437,50.63399,196.14438,10.056852
TS001,val,0.75,120.0,0.0048279003,169.79066,-20.016268,167.97548,14.571259
TS001,val,0.75,140.0,0.005064203,164.14525,-157.85905,40.13642,20.276627
TS001,val,0.75,160.0,0.0033701786,253.42186,-240.27567,-80.541534,-0.10296882
TS001,val,1.0,0.0,0.0037835306,289.7886,259.02795,129.08838,14.748784
TS001,val,1.0,20.0,0.0036015252,300.20074,257.06702,153.79832,19.571712
TS001,val,1.0,40.0,0.0035954597,301.23727,247.8234,170.04918,20.266169
TS001,val,1.0,60.0,0.0037526544,292.27548,225.11482,185.4094,19.266254
TS001,val,1.0,80.0,0.004277082,259.2536,162.07559,201.76387,15.259674
TS001,val,1.0,100.0,0.0052266754,207.75587,52.340103,200.793,10.25569
TS001,val,1.0,120.0,0.0062802825,174.30775,-19.835184,172.55971,14.589317
TS001,val,1.0,140.0,0.0065628365,169.75748,-164.29031,37.622597,20.262249
TS001,val,1.0,160.0,0.004342132,260.8081,-246.59105,-84.922714,-0.95435756
TS001,val,2.0,0.0,0.0071049314,312.16647,278.1531,140.65225,17.195944
TS001,val,2.0,20.0,0.006809945,322.15527,275.4822,165.55943,21.991653
TS001,val,2.0,40.0,0.006796133,322.57394,265.51144,181.83208,22.242401
TS001,val,2.0,60.0,0.0070541734,313.03326,242.07664,197.3576,20.945145
TS001,val,2.0,80.0,0.007974259,280.57468,179.59798,214.9062,16.788017
TS001,val,2.0,100.0,0.00986432,223.19502,55.953453,215.78983,10.953411
TS001,val,2.0,120.0,0.011783581,188.56305,-20.854773,186.83188,14.6607065
TS001,val,2.0,140.0,0.01216619,186.14062,-182.07407,33.059376,20.102205
TS001,val,2.0,160.0,0.008021833,281.82153,-265.54413,-94.36834,-2.069499
TS001,val,5.0,0.0,0.016036889,357.08417,317.60632,161.88441,20.706278
TS001,val,5.0,20.0,0.015479009,367.35925,313.43152,189.87119,25.737549
TS001,val,5.0,40.0,0.015472532,366.4053,300.81625,207.67465,25.172256
TS001,val,5.0,60.0,0.016015157,353.9557,272.90106,224.23647,22.970158
TS001,val,5.0,80.0,0.017925655,319.693,206.81732,243.08566,18.427246
TS001,val,5.0,100.0,0.022367952,255.03058,63.09857,246.79616,12.280968
TS001,val,5.0,120.0,0.026516384,217.11026,-24.988596,215.15718,14.826208
TS001,val,5.0,140.0,0.027035715,215.1592,-211.93289,31.261395,20.01587
TS001,val,5.0,160.0,0.017942673,320.1891,-301.812,-106.8926,-2.1290154
TS001,val,10.0,0.0,0.029138176,403.48996,358.48645,183.67393,23.56923
TS001,val,10.0,20.0,0.028235791,413.75302,352.02524,215.55702,28.371254
TS001,val,10.0,40.0,0.028284024,411.47754,336.00485,235.94972,27.24365
TS001,val,10.0,60.0,0.029304096,396.09497,303.28607,253.65976,23.779884
TS001,val,10.0,80.0,0.032605994,359.10648,232.63303,272.92368,18.761213
TS001,val,10.0,100.0,0.040665492,289.82767,72.87495,280.20132,13.286206
TS001,val,10.0,120.0,0.04797228,247.47565,-29.364824,245.25238,15.270176
TS001,val,10.0,140.0,0.048778806,242.91797,-239.79985,33.106426,20.227135
TS001,val,10.0,160.0,0.032639243,357.71765,-338.10245,-116.817024,-1.5524318
TS002,train,0.25,0.0,0.0014724776,187.55139,181.23048,47.636726,-5.478994
TS002,train,0.25,20.0,0.0012612003,225.23964,179.34808,136.22086,0.024636414
TS002,train,0.25,40.0,0.0011720092,235.57217,170.04778,162.95595,-4.8192673
TS002,train,0.25,60.0,0.0012034094,233.59447,154.87766,174.54808,-10.54355
TS002,train,0.25,80.0,0.0013587007,209.90244,103.54196,182.12724,-10.421557
TS002,train,0.25,100.0,0.0015610256,174.71149,-6.9073715,174.42001,7.278786
TS002,train,0.25,120.0,0.0015492998,176.06197,-91.271805,148.06866,27.20026
TS002,train,0.25,140.0,0.0015230239,177.93309,-133.91641,112.93599,31.17054
TS002,train,0.25,160.0,0.0015602689,174.04013,-163.17822,56.45816,21.64388
TS002,train,0.5,0.0,0.002767546,197.55756,188.00978,60.527157,-1.0742409
TS002,train,0.5,20.0,0.0023434577,236.87238,184.4472,148.61327,1.1620859
TS002,train,0.5,40.0,0.002216116,244.46564,175.98871,169.58325,-5.739294
TS002,train,0.5,60.0,0.0022496665,242.86139,162.47577,180.08693,-12.317003
TS002,train,0.5,80.0,0.0025000472,225.09084,123.02632,187.78682,-15.713683
TS002,train,0.5,100.0,0.0029654037,180.94887,-6.758929,180.73526,5.5975595
TS002,train,0.5,120.0,0.0029413176,182.22597,-96.49212,151.83736,28.992414
TS002,train,0.5,140.0,0.002906907,183.72498,-137.45401,117.568184,32.232864
TS002,train,0.5,160.0,0.002969729,180.08986,-167.42831,62.411583,22.448587
TS002,train,0.75,0.0,0.004011708,204.6521,192.7265,68.79037,1.2230716
TS002,train,0.75,20.0,0.0033842674,243.91719,188.9414,154.25539,1.2865207
TS002,train,0.75,40.0,0.003218897,251.24,180.75024,174.38951,-6.2554183
TS002,train,0.75,60.0,0.0032669345,249.9873,167.7813,184.84517,-13.238086
TS002,train,0.75,80.0,0.0035907137,234.25333,132.86215,192.09372,-17.881124
TS002,train,0.75,100.0,0.004328816,185.46545,-6.6895556,185.27945,4.909171
TS002,train,0.75,120.0,0.004295308,186.99205,-99.6904,155.39174,29.684446
TS002,train,0.75,140.0,0.0042493306,188.34872,-140.5819,121.08252,32.417736
TS002,train,0.75,160.0,0.0043410826,184.5457,-171.10901,65.263985,22.786999
TS002,train,1.0,0.0,0.005218004,210.31158,196.65044,74.50508,2.6277947
TS002,train,1.0,20.0,0.0043940158,249.81058,193.07457,158.51067,1.3326904
TS002,train,1.0,40.0,0.0042015165,257.48596,185.18379,178.77744,-6.6780596
TS002,train,1.0,60.0,0.004250918,256.10474,172.24263,189.01996,-13.907619
TS002,train,1.0,80.0,0.004645872,240.91171,138.81718,195.97064,-19.065195
TS002,train,1.0,100.0,0.00566236,189.35193,-6.772471,189.17781,4.470966
TS002,train,1.0,120.0,0.005617328,191.18486,-102.26136,158.7286,29.99034
TS002,train,1.0,140.0,0.0055610705,192.51077,-143.4707,124.19052,32.45214
TS002,train,1.0,160.0,0.00568193,188.4348,-174.53714,67.230515,22.900484
TS002,train,2.0,0.0,0.0097846575,226.6691,209.0993,87.333305,5.3677964
TS002,train,2.0,20.0,0.008243702,269.06866,207.36948,171.44614,1.4358709
TS002,train,2.0,40.0,0.007935407,278.16626,200.13486,193.03375,-7.776695
TS002,train,2.0,60.0,0.008001639,276.65274,186.98865,203.27446,-15.856951
TS002,train,2.0,80.0,0.008630723,260.075,152.94702,209.2283,-21.672285
TS002,train,2.0,100.0,0.010768331,201.96442,-7.8175826,201.78188,3.5452795
TS002,train,2.0,120.0,0.010661716,205.15247,-110.26413,170.31601,30.36125
TS002,train,2.0,140.0,0.010567034,206.60028,-153.57654,134.35172,32.36457
TS002,train,2.0,160.0,0.01081049,201.2793,-186.33972,72.588005,22.843485
TS002,train,5.0,0.0,0.0221443,256.7137,234.52928,104.06222,8.305844
TS002,train,5.0,20.0,0.018601716,308.11182,237.58167,196.17696,1.565497
TS002,train,5.0,40.0,0.017924313,320.04272,230.9876,221.31871,-9.492026
TS002,train,5.0,60.0,0.01804452,318.36176,216.30434,232.83133,-18.87328
TS002,train,5.0,80.0,0.019355813,296.97235,176.87968,237.1972,-25.370005
TS002,train,5.0,100.0,0.024687508,227.59155,-11.14943,227.30035,2.8556743
TS002,train,5.0,120.0,0.024271488,234.07584,-126.03211,194.81996,30.86363
TS002,train,5.0,140.0,0.02407614,235.86957,-175.39935,154.31358,32.508682
TS002,train,5.0,160.0,0.024744458,227.78348,-211.74066,80.83137,22.74791
TS002,train,10.0,0.0,0.040476207,286.94455,261.31622,118.08309,10.362565
TS002,train,10.0,20.0,0.03377259,348.7801,269.36087,221.56071,1.7672929
TS002,train,10.0,40.0,0.032509126,363.12122,262.86728,250.27864,-10.881855
TS002,train,10.0,60.0,0.032707103,361.16354,246.24875,263.3553,-21.086464
TS002,train,10.0,80.0,0.035132404,334.70383,200.6922,266.3784,-28.13957
TS002,train,10.0,100.0,0.04537584,254.19208,-15.375056,253.71007,2.900412
TS002,train,10.0,120.0,0.044247773,264.92874,-143.03171,220.68456,32.05455
TS002,train,10.0,140.0,0.043926187,266.12943,-198.77202,173.76839,33.452892
TS002,train,10.0,160.0,0.045361254,255.68858,-239.50124,86.489456,23.137817
TS003,test,0.25,0.0,0.0013152827,211.26813,199.03188,70.61834,4.1239533
TS003,test,0.25,20.0,0.0011421328,246.07469,195.74155,148.5728,11.645317
TS003,test,0.25,40.0,0.0010856462,259.16135,181.85039,184.3369,10.712647
TS003,test,0.25,60.0,0.0010933498,257.3507,158.76968,202.39287,7.640219
TS003,test,0.25,80.0,0.0011813537,239.41031,113.53514,210.63481,6.863707
TS003,test,0.25,100.0,0.0013541023,206.06805,37.67116,202.12514,13.195725
TS003,test,0.25,120.0,0.0015809574,172.98866,-49.227142,164.20126,23.093605
TS003,test,0.25,140.0,0.0016615816,164.19113,-133.984,91.63004,24.611717
TS003,test,0.25,160.0,0.0015139007,181.15456,-179.79027,18.200186,12.623125
TS003,test,0.5,0.0,0.0024644171,221.71436,205.83015,81.966064,7.5605745
TS003,test,0.5,20.0,0.0021250641,258.66995,200.94832,162.2519,13.911903
TS003,test,0.5,40.0,0.0020316595,269.21738,187.60039,192.72107,11.942871
TS003,test,0.5,60.0,0.0020454435,267.45914,166.74191,208.95694,8.274764
TS003,test,0.5,80.0,0.0021957736,251.5906,126.919044,217.15276,5.3912497
TS003,test,0.5,100.0,0.0025356347,216.3144,46.456802,210.94193,11.5800295
TS003,test,0.5,120.0,0.0029942503,180.14917,-46.906876,172.31802,23.612173
TS003,test,0.5,140.0,0.003154805,170.177,-141.38669,91.20286,25.499466
TS003,test,0.5,160.0,0.0028640588,188.10875,-186.97675,16.429825,12.402459
TS003,test,0.75,0.0,0.0035724738,229.17873,210.84932,89.28717,9.352631
TS003,test,0.75,20.0,0.003078898,267.42987,205.2992,170.7347,14.809143
TS003,test,0.75,40.0,0.002942555,276.382,192.04253,198.37271,12.434918
TS003,test,0.75,60.0,0.0029630053,274.6432,171.74954,214.13591,8.748409
TS003,test,0.75,80.0,0.0031767122,259.84393,134.55035,222.23378,5.0538816
TS003,test,0.75,100.0,0.0036762035,222.78882,50.466335,216.72574,10.8481245
TS003,test,0.75,120.0,0.004362786,185.20073,-46.1433,177.79897,23.600218
TS003,test,0.75,140.0,0.0046047466,174.69565,-146.40334,91.80074,25.626144
TS003,test,0.75,160.0,0.0041751205,193.203,-192.16414,15.734938,12.351491
TS003,test,1.0,0.0,0.004649697,235.18626,215.10403,94.50946,10.423984
TS003,test,1.0,20.0,0.004003587,274.29623,209.30695,176.62024,15.282277
TS003,test,1.0,40.0,0.0038371794,282.9582,196.17368,203.50912,12.850985
TS003,test,1.0,60.0,0.0038627656,281.16568,176.17244,218.93753,9.150658
TS003,test,1.0,80.0,0.0041232933,266.25052,139.55304,226.68814,5.0325036
TS003,test,1.0,100.0,0.004788079,227.8841,52.61917,221.47685,10.506309
TS003,test,1.0,120.0,0.0056974404,189.42244,-46.177074,182.19325,23.535662
TS003,test,1.0,140.0,0.006019667,178.65108,-150.52654,92.75551,25.57487
TS003,test,1.0,160.0,0.0054546474,197.54648,-196.54716,15.530196,12.352006
TS003,test,2.0,0.0,0.008739657,252.98306,228.8354,107.13752,12.490476
TS003,test,2.0,20.0,0.007504888,295.7353,223.21504,193.2904,16.52322
TS003,test,2.0,40.0,0.0072397515,304.20633,209.89914,219.74467,14.002811
TS003,test,2.0,60.0,0.007287893,302.25995,189.82018,234.99959,10.22548
TS003,test,2.0,80.0,0.007736151,286.60214,153.29474,242.1025,5.2724423
TS003,test,2.0,100.0,0.0090268245,243.11185,56.11267,236.33029,10.134644
TS003,test,2.0,120.0,0.010791753,202.76907,-48.340153,195.52513,23.418442
TS003,test,2.0,140.0,0.011412195,191.76337,-163.53844,96.92747,25.164846
TS003,test,2.0,160.0,0.010339707,211.67363,-210.70119,15.916999,12.545328
TS003,test,5.0,0.0,0.019814884,286.6174,256.99442,126.01625,14.943448
TS003,test,5.0,20.0,0.01692603,338.59106,252.92148,224.34023,18.60316
TS003,test,5.0,40.0,0.016409446,347.85797,238.81038,252.42201,16.05956
TS003,test,5.0,60.0,0.016515275,345.6452,217.57329,268.31622,11.784615
TS003,test,5.0,80.0,0.01747751,326.98676,177.23643,274.7282,5.65432
TS003,test,5.0,100.0,0.020602144,273.46133,60.429234,266.51627,9.923968
TS003,test,5.0,120.0,0.024618903,229.61006,-54.486473,221.82437,23.365404
TS003,test,5.0,140.0,0.02597279,218.77328,-189.2961,106.89174,24.553295
TS003,test,5.0,160.0,0.023560386,240.45755,-239.45825,17.373812,13.331206
TS003,test,10.0,0.0,0.036223575,320.73923,286.45972,143.27559,16.92857
TS003,test,10.0,20.0,0.030745305,382.43524,284.01978,255.29161,20.387724
TS003,test,10.0,40.0,0.029853437,393.29813,269.58795,285.82156,17.656866
TS003,test,10.0,60.0,0.030042585,391.00586,247.24573,302.64792,12.62404
TS003,test,10.0,80.0,0.031796537,369.04944,201.53177,309.11295,5.62384
TS003,test,10.0,100.0,0.037819747,305.56876,65.88885,298.2311,9.440366
TS003,test,10.0,120.0,0.04506996,257.78677,-60.300316,249.57806,22.993166
TS003,test,10.0,140.0,0.047380023,246.71043,-215.43304,117.65699,24.727861
TS003,test,10.0,160.0,0.04306261,270.58643,-269.59213,18.361746,14.139895
TS023,train,0.25,0.0,0.0011087228,256.80133,235.5562,101.679405,10.320855
TS023,train,0.25,20.0,0.001025354,274.78,235.61276,139.72227,21.626677
TS023,train,0.25,40.0,0.00102082,277.7101,223.57234,162.64774,26.151443
TS023,train,0.25,60.0,0.0010809398,265.3863,194.54175,178.65022,25.736921
TS023,train,0.25,80.0,0.0012333947,229.59251,129.45287,188.43297,20.457493
TS023,train,0.25,100.0,0.0014727256,185.49701,30.336159,182.17587,17.223661
TS023,train,0.25,120.0,0.0017185252,160.1308,-38.6125,153.70914,22.816767
TS023,train,0.25,140.0,0.0017769813,155.44301,-140.27826,61.415596,26.530912
TS023,train,0.25,160.0,0.0013266582,216.68849,-212.63794,-40.076176,8.716452
TS023,train,0.5,0.0,0.0020561558,270.27823,244.55615,113.9863,15.690932
TS023,train,0.5,20.0,0.0019186415,285.06754,242.67276,147.35872,25.659403
TS023,train,0.5,40.0,0.0019044545,287.33176,232.08354,166.87636,29.128815
TS023,train,0.5,60.0,0.0019990078,278.56393,208.86087,181.98825,29.23242
TS023,train,0.5,80.0,0.002286369,244.8828,147.39842,194.20348,22.76832
TS023,train,0.5,100.0,0.0027894168,193.46107,34.645187,189.59703,16.705137
TS023,train,0.5,120.0,0.003248136,166.80873,-37.27457,160.97409,22.869514
TS023,train,0.5,140.0,0.0033355174,164.1076,-151.54225,56.3401,28.007097
TS023,train,0.5,160.0,0.0024342332,233.28166,-226.64117,-54.888042,5.210383
TS023,train,0.75,0.0,0.002965255,279.02866,251.03923,120.44392,18.122656
TS023,train,0.75,20.0,0.0027804275,292.47845,248.42105,151.94061,27.277838
TS023,train,0.75,40.0,0.0027578063,294.4155,238.03876,170.55351,30.48369
TS023,train,0.75,60.0,0.0028804713,286.3061,215.976,185.42627,30.667562
TS023,train,0.75,80.0,0.0032913785,254.71768,157.86478,198.4113,24.328434
TS023,train,0.75,100.0,0.004063821,198.91568,36.560577,194.80457,16.790627
TS023,train,0.75,120.0,0.0047253296,171.5089,-37.63304,165.77112,22.78102
TS023,train,0.75,140.0,0.0048293527,170.46342,-159.47368,53.18193,28.164513
TS023,train,0.75,160.0,0.0034853804,242.98953,-234.87743,-62.15628,3.1747308
TS023,train,1.0,0.0,0.0038517732,286.24323,256.7652,124.99365,19.577707
TS023,train,1.0,20.0,0.0036237172,299.08932,253.70291,155.81978,28.448284
TS023,train,1.0,40.0,0.00360145,301.0241,243.53062,174.09732,31.598263
TS023,train,1.0,60.0,0.0037433815,293.00702,221.79301,188.81508,31.774054
TS023,train,1.0,80.0,0.0042555556,261.83325,164.48416,202.13521,25.308828
TS023,train,1.0,100.0,0.005307009,203.36258,37.38407,199.17123,17.016441
TS023,train,1.0,120.0,0.006165326,175.55869,-38.38548,169.79968,22.70353
TS023,train,1.0,140.0,0.006273684,175.71854,-165.75812,51.12453,28.017286
TS023,train,1.0,160.0,0.004500667,250.30986,-241.26749,-66.63582,2.0201678
TS023,train,2.0,0.0,0.0072100163,307.99075,275.1882,136.48047,22.422485
TS023,train,2.0,20.0,0.006846673,320.84375,271.58365,167.94427,31.268847
TS023,train,2.0,40.0,0.0068053617,322.1591,260.586,186.28859,34.321533
TS023,train,2.0,60.0,0.0070378706,313.56082,237.87526,201.37071,34.43243
TS023,train,2.0,80.0,0.007922227,282.37494,180.7024,215.22859,27.547203
TS023,train,2.0,100.0,0.010057743,217.2745,38.016193,213.17613,17.857199
TS023,train,2.0,120.0,0.011649395,188.70418,-41.886303,182.61963,22.468988
TS023,train,2.0,140.0,0.011708433,191.5868,-183.59688,47.512,27.19956
TS023,train,2.0,160.0,0.0083283875,270.93417,-260.1205,-75.778625,0.4362567
TS023,train,5.0,0.0,0.016272796,351.4865,313.21597,157.29474,26.398466
TS023,train,5.0,20.0,0.015559113,365.33624,308.22556,192.85356,35.708267
TS023,train,5.0,40.0,0.015498447,365.53293,294.5181,213.01671,38.69423
TS023,train,5.0,60.0,0.015987974,354.2956,267.48267,229.16483,38.23385
TS023,train,5.0,80.0,0.017854718,319.17844,204.0366,243.61491,29.928144
TS023,train,5.0,100.0,0.022958266,246.41924,40.138206,242.37143,19.168993
TS023,train,5.0,120.0,0.026435731,215.58891,-50.014412,208.52881,22.20055
TS023,train,5.0,140.0,0.02618663,220.77104,-214.1454,46.895416,26.122805
TS023,train,5.0,160.0,0.018636066,308.51724,-296.0602,-86.78261,0.08717814
TS023,train,10.0,0.0,0.029600553,396.25238,352.54724,178.40604,29.96123
TS023,train,10.0,20.0,0.02839332,411.11685,345.44205,219.36394,39.576656
TS023,train,10.0,40.0,0.028342158,410.44174,328.72357,242.1263,42.1671
TS023,train,10.0,60.0,0.029267667,396.29407,297.23108,258.97565,40.42596
TS023,train,10.0,80.0,0.03260498,356.54968,226.34387,273.75305,30.909067
TS023,train,10.0,100.0,0.04193991,278.9267,45.97166,274.3842,20.000856
TS023,train,10.0,120.0,0.04811046,244.33827,-57.99146,236.30519,22.316547
TS023,train,10.0,140.0,0.04738054,249.22453,-242.84589,49.581177,26.085363
TS023,train,10.0,160.0,0.033872772,345.39575,-332.13184,-94.79676,0.4879575
TS049,train,0.25,0.0,0.0012209195,227.77943,207.12926,94.159386,-10.702838
TS049,train,0.25,20.0,0.0010763241,258.21786,202.12575,160.03162,-13.959424
TS049,train,0.25,40.0,0.0010321911,273.14993,186.96304,198.61797,-14.352011
TS049,train,0.25,60.0,0.0010261768,274.19852,164.19571,219.2331,-12.706129
TS049,train,0.25,80.0,0.0010779831,260.8341,126.564,227.81969,-10.529243
TS049,train,0.25,100.0,0.0012150803,234.7753,77.12557,221.59248,-7.314374
TS049,train,0.25,120.0,0.0015770437,185.64091,11.245963,185.0683,-3.8721797
TS049,train,0.25,140.0,0.0020102656,137.22122,-123.77503,59.00122,-1.528719
TS049,train,0.25,160.0,0.0014731864,192.58412,-190.03749,-30.786655,3.2703223
TS049,train,0.5,0.0,0.0022904947,237.84323,214.23366,102.40392,-13.601473
TS049,train,0.5,20.0,0.002020053,270.5628,207.55397,172.7584,-16.601406
TS049,train,0.5,40.0,0.0019303358,282.97238,191.53238,207.6759,-16.08789
TS049,train,0.5,60.0,0.001918676,283.1078,170.41815,225.6231,-14.181862
TS049,train,0.5,80.0,0.0020155744,271.83954,136.29259,234.8867,-12.171502
TS049,train,0.5,100.0,0.0022472783,248.0038,87.34306,231.93057,-9.089019
TS049,train,0.5,120.0,0.002856737,204.66536,26.354605,202.8788,-4.8310933
TS049,train,0.5,140.0,0.0037697493,146.6961,-137.43327,51.238697,-1.6793904
TS049,train,0.5,160.0,0.0027293372,204.32715,-200.51971,-38.905914,4.962521
TS049,train,0.75,0.0,0.00332321,244.90376,219.58994,107.353745,-15.237318
TS049,train,0.75,20.0,0.0029266719,278.62067,211.87201,180.0492,-17.879122
TS049,train,0.75,40.0,0.0027970735,289.89713,195.46019,213.41534,-16.99715
TS049,train,0.75,60.0,0.0027879223,290.3801,175.28589,231.00615,-15.210828
TS049,train,0.75,80.0,0.0029231415,279.7865,142.43996,240.45854,-13.055703
TS049,train,0.75,100.0,0.003237628,256.1682,92.20175,238.79099,-9.9630375
TS049,train,0.75,120.0,0.00404937,214.97334,32.890884,212.37103,-5.37744
TS049,train,0.75,140.0,0.0054343557,153.1074,-145.49155,47.626225,-1.7239453
TS049,train,0.75,160.0,0.003931089,211.64893,-207.25314,-42.479794,6.022627
TS049,train,1.0,0.0,0.0043337685,250.8785,224.32977,111.11354,-16.423037
TS049,train,1.0,20.0,0.0038170584,285.5908,215.95612,185.9284,-18.853306
TS049,train,1.0,40.0,0.003653181,296.30804,199.235,218.60298,-17.790676
TS049,train,1.0,60.0,0.0036456755,296.8455,179.48601,235.89276,-16.019693
TS049,train,1.0,80.0,0.0038019465,286.22037,146.86102,245.2859,-13.705882
TS049,train,1.0,100.0,0.0042029377,262.83417,95.552605,244.62312,-10.53305
TS049,train,1.0,120.0,0.005193188,222.3248,36.55511,219.22511,-5.665827
TS049,train,1.0,140.0,0.0070402995,158.14996,-151.37262,45.75313,-1.735863
TS049,train,1.0,160.0,0.0050958586,217.4614,-212.7294,-44.610977,6.7332473
TS049,train,2.0,0.0,0.008175024,269.1663,239.64073,121.0393,-19.294453
TS049,train,2.0,20.0,0.007187751,306.55396,229.82935,201.73917,-21.330175
TS049,train,2.0,40.0,0.006910865,316.64954,212.15701,234.2114,-20.032745
TS049,train,2.0,60.0,0.0068947678,317.4254,192.52481,251.71568,-18.228
TS049,train,2.0,80.0,0.0071707075,307.29156,159.99202,261.8839,-15.730573
TS049,train,2.0,100.0,0.007859501,283.47836,104.17891,263.37436,-11.860836
TS049,train,2.0,120.0,0.009483113,242.69739,43.7805,238.64114,-5.97059
TS049,train,2.0,140.0,0.013076405,172.47119,-166.75696,43.99353,-1.71791
TS049,train,2.0,160.0,0.009505939,235.31006,-229.92769,-49.341824,8.334232
TS049,train,5.0,0.0,0.018575622,305.59213,271.22037,138.86955,-23.265871
TS049,train,5.0,20.0,0.016308848,348.85718,259.44333,231.87361,-25.002125
TS049,train,5.0,40.0,0.015764875,358.649,239.94096,265.50864,-23.718826
TS049,train,5.0,60.0,0.015715558,360.37653,219.99289,284.59528,-21.906176
TS049,train,5.0,80.0,0.016274368,349.29767,183.80235,296.4086,-19.170074
TS049,train,5.0,100.0,0.017679181,325.27536,120.26262,301.90488,-13.943129
TS049,train,5.0,120.0,0.020895971,280.61087,53.45957,275.41214,-5.7171497
TS049,train,5.0,140.0,0.029190373,197.98558,-192.25932,47.24349,-1.6411872
TS049,train,5.0,160.0,0.021319296,270.5837,-264.38254,-56.636665,10.474541
TS049,train,10.0,0.0,0.033921275,344.0446,304.3647,158.3042,-25.857473
TS049,train,10.0,20.0,0.029743126,393.0026,290.63736,263.12466,-27.31976
TS049,train,10.0,40.0,0.028858325,402.63007,269.87112,297.65427,-26.12401
TS049,train,10.0,60.0,0.028729793,405.46274,249.34354,318.7923,-24.480284
TS049,train,10.0,80.0,0.029698024,393.2051,208.46822,332.69022,-21.644608
TS049,train,10.0,100.0,0.032027926,369.26733,137.39148,342.39767,-15.676934
TS049,train,10.0,120.0,0.037502643,319.4441,62.053406,313.31464,-5.276
TS049,train,10.0,140.0,0.05285878,222.95712,-216.5742,52.937756,-1.7576177
TS049,train,10.0,160.0,0.03857866,306.65973,-299.85178,-63.11653,12.0587845
TS071,train,0.25,0.0,0.0011102922,254.46251,232.39676,103.07753,-10.683394
TS071,train,0.25,20.0,0.0010269468,272.24765,229.51749,145.94357,-11.868318
TS071,train,0.25,40.0,0.0010093538,276.656,212.72272,176.3229,-14.01554
TS071,train,0.25,60.0,0.0010440672,271.09442,182.97728,199.41592,-15.629139
TS071,train,0.25,80.0,0.0011161098,247.42197,130.44846,209.75908,-12.816452
TS071,train,0.25,100.0,0.0013107462,214.0599,64.14275,204.12128,-4.5168333
TS071,train,0.25,120.0,0.001682218,170.21284,-5.8129354,169.77592,8.461049
TS071,train,0.25,140.0,0.0019140247,146.03441,-136.43327,49.956726,14.513709
TS071,train,0.25,160.0,0.0013220749,220.76953,-214.28857,-51.68942,10.524782
TS071,train,0.5,0.0,0.0020713373,265.27206,240.52853,111.265305,-11.603225
TS071,train,0.5,20.0,0.00193047,281.2741,236.13863,152.2494,-13.180704
TS071,train,0.5,40.0,0.0018933077,286.12125,220.24016,181.96758,-15.715036
TS071,train,0.5,60.0,0.001948849,281.7695,193.10818,204.38406,-18.176056
TS071,train,0.5,80.0,0.0020994032,261.12473,144.39395,216.84341,-17.541786
TS071,train,0.5,100.0,0.0024425955,226.6168,74.36613,213.88947,-8.441992
TS071,train,0.5,120.0,0.003093629,184.01836,4.737995,183.77448,7.9212217
TS071,train,0.5,140.0,0.0035580376,156.9405,-150.71898,40.89509,15.266911
TS071,train,0.5,160.0,0.00241452,237.45087,-228.02582,-65.33255,10.894867
TS071,train,0.75,0.0,0.0029988654,272.59872,246.5449,115.65112,-12.25901
TS071,train,0.75,20.0,0.0028048584,288.19293,241.45503,156.70354,-14.080755
TS071,train,0.75,40.0,0.0027545597,293.20554,225.74893,186.33951,-16.86142
TS071,train,0.75,60.0,0.0028185903,288.84518,198.9936,208.471,-19.27295
TS071,train,0.75,80.0,0.0030462798,270.09814,152.85835,221.80385,-19.746899
TS071,train,0.75,100.0,0.0035281475,234.58914,79.621574,220.41261,-10.484552
TS071,train,0.75,120.0,0.0044248225,192.11525,9.270824,191.75114,7.33515
TS071,train,0.75,140.0,0.0051098457,164.7844,-160.19113,35.438686,15.202069
TS071,train,0.75,160.0,0.0034469948,245.75525,-235.25208,-70.17627,11.247477
TS071,train,1.0,0.0,0.0039083366,278.94406,251.976,118.97026,-12.8024235
TS071,train,1.0,20.0,0.0036609916,294.38947,246.30205,160.56117,-14.843521
TS071,train,1.0,40.0,0.0036027406,299.41528,230.52602,190.24187,-17.755323
TS071,train,1.0,60.0,0.0036763265,295.39,204.30392,212.38087,-20.230164
TS071,train,1.0,80.0,0.0039555035,276.94427,158.62256,226.04839,-20.896774
TS071,train,1.0,100.0,0.004581693,240.91699,83.045525,225.84914,-11.683285
TS071,train,1.0,120.0,0.0057045557,198.26578,11.832701,197.78928,6.9692593
TS071,train,1.0,140.0,0.0065991264,170.91103,-167.20299,32.049355,14.959787
TS071,train,1.0,160.0,0.004449349,252.36919,-241.19923,-73.344124,11.552233
TS071,train,2.0,0.0,0.0073622977,298.9525,269.68356,128.20879,-14.348053
TS071,train,2.0,20.0,0.006940697,314.95148,262.70944,172.87263,-17.12181
TS071,train,2.0,40.0,0.006830176,319.4189,245.86249,202.91019,-20.187153
TS071,train,2.0,60.0,0.00694349,315.8938,219.78146,225.7649,-22.696665
TS071,train,2.0,80.0,0.00742392,298.85168,175.50594,240.72585,-23.679533
TS071,train,2.0,100.0,0.008566486,260.05576,91.22217,243.13191,-13.941424
TS071,train,2.0,120.0,0.010516013,216.55365,17.059372,215.78702,6.3554397
TS071,train,2.0,140.0,0.012167511,187.20642,-184.69023,27.17614,14.042241
TS071,train,2.0,160.0,0.00825674,272.35568,-259.83966,-80.639885,12.577134
TS071,train,5.0,0.0,0.01671937,339.9519,306.32315,146.4526,-16.883762
TS071,train,5.0,20.0,0.015837748,357.20905,296.58652,197.99736,-20.77925
TS071,train,5.0,40.0,0.015620978,360.71655,277.03253,229.78581,-23.830502
TS071,train,5.0,60.0,0.015820976,357.71292,250.00388,254.48953,-26.299597
TS071,train,5.0,80.0,0.016755318,341.46494,204.91734,271.77298,-27.32391
TS071,train,5.0,100.0,0.019266305,298.73154,105.91185,278.8265,-16.702951
TS071,train,5.0,120.0,0.023279648,251.42825,23.239777,250.28154,5.935551
TS071,train,5.0,140.0,0.027070034,213.15865,-210.87408,28.490099,12.531613
TS071,train,5.0,160.0,0.018507333,310.40277,-296.39175,-91.00716,14.815152
TS071,train,10.0,0.0,0.030514766,382.4698,343.92752,166.27458,-18.701931
TS071,train,10.0,20.0,0.02898259,400.89328,331.1565,224.73323,-23.361334
TS071,train,10.0,40.0,0.028657796,403.8869,308.78473,259.04645,-25.914278
TS071,train,10.0,60.0,0.028953081,401.24002,280.932,285.07397,-28.347702
TS071,train,10.0,80.0,0.03047859,384.66058,233.05759,304.5719,-29.730137
TS071,train,10.0,100.0,0.034868542,340.0357,122.33025,316.71478,-18.744116
TS071,train,10.0,120.0,0.041772287,287.39084,27.856241,285.9787,5.805457
TS071,train,10.0,140.0,0.049161658,237.90526,-235.27411,33.3517,11.518408
TS071,train,10.0,160.0,0.03363515,348.1221,-333.1529,-99.517395,17.158651
TS097,train,0.25,0.0,0.0013005835,216.71373,206.13324,65.983765,-9.4580555
TS097,train,0.25,20.0,0.0011510918,247.20299,205.45407,135.95703,-20.182537
TS097,train,0.25,40.0,0.0011015593,254.0811,194.33128,162.42212,-20.275963
TS097,train,0.25,60.0,0.0011519911,246.8089,173.15619,175.07468,-16.61244
TS097,train,0.25,80.0,0.0013239542,215.06047,111.21433,183.35857,-14.3865595
TS097,train,0.25,100.0,0.0015311866,178.09811,-1.8304362,177.07468,-18.971409
TS097,train,0.25,120.0,0.0015723511,173.33948,-81.85896,150.75114,-24.8852
TS097,train,0.25,140.0,0.001562328,173.5876,-139.23125,100.86673,-23.937357
TS097,train,0.25,160.0,0.0014765342,186.07939,-183.92259,26.191751,-10.430182
TS097,train,0.5,0.0,0.0024157793,229.20543,214.04713,80.48525,-14.91334
TS097,train,0.5,20.0,0.0021412503,259.1901,211.83896,147.3308,-24.420982
TS097,train,0.5,40.0,0.0020658923,263.7698,202.13576,167.85721,-23.211073
TS097,train,0.5,60.0,0.0021440545,258.70712,185.12929,179.64038,-19.632801
TS097,train,0.5,80.0,0.002437813,231.61348,133.48323,188.64423,-14.732217
TS097,train,0.5,100.0,0.002909539,184.2172,-2.9927,183.10948,-19.944874
TS097,train,0.5,120.0,0.002987753,179.11911,-85.521545,155.19637,-26.14691
TS097,train,0.5,140.0,0.0029773605,179.22562,-144.18713,103.487076,-24.943012
TS097,train,0.5,160.0,0.0027911772,193.00581,-191.30281,23.752224,-9.391834
TS097,train,0.75,0.0,0.003489781,237.88528,219.72992,89.37951,-17.794615
TS097,train,0.75,20.0,0.0030864372,266.5456,216.95018,152.68236,-25.810734
TS097,train,0.75,40.0,0.0029958426,271.10632,207.9272,172.2266,-24.551615
TS097,train,0.75,60.0,0.0030908573,266.10986,191.48718,183.61148,-20.802368
TS097,train,0.75,80.0,0.003492817,241.61346,145.15958,192.52943,-15.196371
TS097,train,0.75,100.0,0.004249683,188.54263,-3.8646712,187.39168,-20.435644
TS097,train,0.75,120.0,0.004366041,183.59125,-88.309555,158.74313,-26.601383
TS097,train,0.75,140.0,0.004355349,183.64034,-148.18022,105.51619,-25.150276
TS097,train,0.75,160.0,0.004069694,198.11917,-196.6287,22.577072,-8.83828
TS097,train,1.0,0.0,0.004527538,244.52892,224.42445,95.11376,-19.4895
TS097,train,1.0,20.0,0.0040132687,273.15024,221.7487,157.21893,-26.844164
TS097,train,1.0,40.0,0.0039097834,277.7299,213.11716,176.25484,-25.479387
TS097,train,1.0,60.0,0.0040189154,272.74777,196.98877,187.39737,-21.650795
TS097,train,1.0,80.0,0.0045142225,249.01968,152.76486,196.03593,-15.564571
TS097,train,1.0,100.0,0.0055623795,192.24026,-4.663956,191.06194,-20.730738
TS097,train,1.0,120.0,0.005713103,187.53503,-90.80275,161.88495,-26.783375
TS097,train,1.0,140.0,0.005702465,187.58148,-151.77303,107.32877,-25.141815
TS097,train,1.0,160.0,0.005318442,202.44342,-201.04813,22.142426,-8.517988
TS097,train,2.0,0.0,0.008454425,263.77145,239.54573,108.00695,-22.968721
TS097,train,2.0,20.0,0.0075364294,294.24765,238.01854,170.5319,-29.115372
TS097,train,2.0,40.0,0.007371315,299.12857,229.71935,189.61891,-27.415148
TS097,train,2.0,60.0,0.007547651,293.8207,213.37492,200.6503,-23.263567
TS097,train,2.0,80.0,0.008365848,269.11838,169.56802,208.3411,-16.287025
TS097,train,2.0,100.0,0.010602629,204.26187,-7.5867205,202.99951,-21.365704
TS097,train,2.0,120.0,0.0108616315,200.68167,-99.023254,172.46584,-26.889065
TS097,train,2.0,140.0,0.010849436,200.81769,-163.99556,113.2264,-24.757803
TS097,train,2.0,160.0,0.010089255,216.31801,-214.98845,22.55576,-8.042123
TS097,train,5.0,0.0,0.0190648,299.26556,270.1614,125.85072,-27.097662
TS097,train,5.0,20.0,0.01700577,336.8216,271.6151,196.49608,-32.608433
TS097,train,5.0,40.0,0.016682455,342.98633,263.3257,217.67355,-30.288912
TS097,train,5.0,60.0,0.017034648,336.09448,244.69249,229.00833,-25.303432
TS097,train,5.0,80.0,0.018756263,305.81168,194.40074,235.44109,-17.222668
TS097,train,5.0,100.0,0.024402462,229.1204,-13.142399,227.64214,-22.415976
TS097,train,5.0,120.0,0.024813032,227.83818,-114.63403,195.07469,-26.741766
TS097,train,5.0,140.0,0.024776181,228.45012,-189.84196,124.789734,-24.019588
TS097,train,5.0,160.0,0.023061352,244.63908,-243.25261,24.758377,-7.9671674
TS097,train,10.0,0.0,0.034786258,334.53458,301.3674,142.04968,-30.215313
TS097,train,10.0,20.0,0.030894605,380.6179,306.25677,223.17938,-35.605015
TS097,train,10.0,40.0,0.030308414,388.18057,297.44006,247.2699,-32.728477
TS097,train,10.0,60.0,0.030955657,379.70944,276.27444,259.10464,-26.766722
TS097,train,10.0,80.0,0.034113094,343.21988,217.92636,264.55444,-17.85846
TS097,train,10.0,100.0,0.044976532,255.42302,-17.375364,253.75983,-23.34445
TS097,train,10.0,120.0,0.04539283,256.5274,-129.78476,219.62177,-26.990742
TS097,train,10.0,140.0,0.04528239,257.57068,-217.26196,136.25456,-23.970057
TS097,train,10.0,160.0,0.042260025,274.57092,-273.20316,26.106771,-8.22509
TS115,train,0.25,0.0,0.0012858144,216.9543,201.25832,80.96754,-2.7762122
TS115,train,0.25,20.0,0.0011333509,245.43103,198.7103,143.989,-1.5401391
TS115,train,0.25,40.0,0.001095775,255.44516,186.74771,174.27544,-2.3543704
TS115,train,0.25,60.0,0.0011168091,251.93562,164.41866,190.85184,-3.5359306
TS115,train,0.25,80.0,0.0012198336,230.66249,116.60055,198.95172,-2.572176
TS115,train,0.25,100.0,0.0014129126,196.31201,38.024883,192.57463,1.1851374
TS115,train,0.25,120.0,0.0016744824,165.25888,-35.79618,161.16539,6.885892
TS115,train,0.25,140.0,0.0018127081,149.80914,-126.7554,79.370804,8.400753
TS115,train,0.25,160.0,0.0015230487,181.67236,-181.50316,-3.7171729,6.0937257
TS115,train,0.5,0.0,0.0024073718,227.4489,208.27477,91.36694,-2.0161889
TS115,train,0.5,20.0,0.0021266823,257.17883,204.66846,155.71585,-1.421776
TS115,train,0.5,40.0,0.0020549945,264.80566,193.05206,181.23262,-2.7490044
TS115,train,0.5,60.0,0.0020890534,262.3295,173.66109,196.56978,-4.215645
TS115,train,0.5,80.0,0.0022732753,244.13068,132.02525,205.3016,-4.0498486
TS115,train,0.5,100.0,0.0026529394,205.3331,43.858616,200.58946,0.14871055
TS115,train,0.5,120.0,0.0031497816,173.43364,-32.20505,170.27345,6.9122796
TS115,train,0.5,140.0,0.0034481166,155.90102,-134.42068,78.50513,8.466357
TS115,train,0.5,160.0,0.0028616588,190.99672,-190.68095,-9.032752,6.0655866
TS115,train,0.75,0.0,0.0034878752,234.97249,213.62248,97.84335,-1.6780477
TS115,train,0.75,20.0,0.0030802377,264.7706,209.51309,161.8777,-1.5333444
TS115,train,0.75,40.0,0.002982026,271.97903,198.06366,186.37178,-2.9839194
TS115,train,0.75,60.0,0.003023787,269.67056,179.3848,201.30107,-4.552146
TS115,train,0.75,80.0,0.00328014,252.80986,140.52504,210.09822,-4.596668
TS115,train,0.75,100.0,0.0038523094,211.57202,46.819267,206.32549,-0.37662685
TS115,train,0.75,120.0,0.004569316,179.0004,-31.041107,176.15363,6.883184
TS115,train,0.75,140.0,0.005030037,160.49556,-139.73384,78.50385,8.383664
TS115,train,0.75,160.0,0.004149882,197.12798,-196.7068,-11.323368,6.0990515
TS115,train,1.0,0.0,0.004536843,241.10931,218.25935,102.43721,-1.5054046
TS115,train,1.0,20.0,0.0040151924,271.39993,214.05263,166.84286,-1.6432862
TS115,train,1.0,40.0,0.0038936017,278.43066,202.63905,190.92151,-3.167216
TS115,train,1.0,60.0,0.0039414293,276.2282,184.27425,205.72258,-4.8140798
TS115,train,1.0,80.0,0.0042528445,259.64575,146.38144,214.38867,-4.8936095
TS115,train,1.0,100.0,0.005020313,216.66208,48.631977,211.13231,-0.6927425
TS115,train,1.0,120.0,0.0059485845,183.59059,-30.78142,180.86131,6.868637
TS115,train,1.0,140.0,0.00656843,164.44699,-144.0054,78.971954,8.28355
TS115,train,1.0,160.0,0.005402167,202.14119,-201.65549,-12.573572,6.155986
TS115,train,2.0,0.0,0.0085243555,259.56564,233.21567,113.943565,-1.2348574
TS115,train,2.0,20.0,0.007560011,292.17123,229.37262,180.96515,-1.9549267
TS115,train,2.0,40.0,0.007350192,299.22748,217.65602,205.3045,-3.603795
TS115,train,2.0,60.0,0.00742542,297.16656,198.99077,220.63614,-5.5063477
TS115,train,2.0,80.0,0.007949187,280.51096,161.8237,229.05954,-5.5720806
TS115,train,2.0,100.0,0.009467033,232.57645,52.63962,226.53732,-1.3079381
TS115,train,2.0,120.0,0.011180699,198.04778,-31.742588,195.36533,6.907514
TS115,train,2.0,140.0,0.012413179,177.25066,-156.98898,81.90818,7.953281
TS115,train,2.0,160.0,0.0101601565,217.80933,-217.21114,-14.812245,6.3893466
TS115,train,5.0,0.0,0.019297445,295.2868,264.08075,132.11642,-0.9570517
TS115,train,5.0,20.0,0.017098196,334.5329,261.67615,208.40475,-2.3050475
TS115,train,5.0,40.0,0.016674878,342.02396,248.74359,234.71092,-4.217345
TS115,train,5.0,60.0,0.016808325,339.86667,228.21654,251.75572,-6.753763
TS115,train,5.0,80.0,0.017889693,320.75323,187.65611,260.04855,-6.5245047
TS115,train,5.0,100.0,0.021481717,265.0973,60.014263,258.2066,-2.0521
TS115,train,5.0,120.0,0.02523297,227.30377,-35.369045,224.41632,7.3041344
TS115,train,5.0,140.0,0.028122986,203.16087,-182.0754,89.8129,7.518183
TS115,train,5.0,160.0,0.02296264,249.03001,-248.31535,-17.536928,6.9201264
TS115,train,10.0,0.0,0.035173144,332.57645,296.88672,149.88339,-0.57892
TS115,train,10.0,20.0,0.03106661,378.94934,295.7238,236.9502,-2.1521423
TS115,train,10.0,40.0,0.030354753,386.3115,280.95236,265.1088,-4.433436
TS115,train,10.0,60.0,0.030570582,384.29044,258.4585,284.28397,-7.808337
TS115,train,10.0,80.0,0.032480758,362.2186,212.90652,292.95233,-7.214447
TS115,train,10.0,100.0,0.039122384,300.04788,68.915215,292.01654,-2.400778
TS115,train,10.0,120.0,0.045757383,258.29245,-39.1649,255.17775,8.088266
TS115,train,10.0,140.0,0.051126473,230.036,-207.9159,98.15259,7.3211017
TS115,train,10.0,160.0,0.041743994,281.58533,-280.75882,-20.169266,7.615058
TS138,train,0.25,0.0,0.0012900686,216.73732,200.31595,82.68453,1.7250842
TS138,train,0.25,20.0,0.0011435425,246.6572,197.49086,147.75102,1.2985957
TS138,train,0.25,40.0,0.0010855889,257.77432,184.54153,179.96643,2.009131
TS138,train,0.25,60.0,0.0010979131,255.42369,162.69835,196.87952,2.9039106
TS138,train,0.25,80.0,0.001184462,237.30148,119.048645,205.23808,2.4206057
TS138,train,0.25,100.0,0.0013620688,205.45529,51.56174,198.85469,-0.27893633
TS138,train,0.25,120.0,0.0016811374,166.27264,-20.367418,164.9083,-3.7003496
TS138,train,0.25,140.0,0.0019052076,143.3182,-124.80064,70.16442,-5.4177694
TS138,train,0.25,160.0,0.0015242192,183.58015,-183.05627,-13.103625,-3.3585062
TS138,train,0.5,0.0,0.0024116333,227.74121,208.13441,92.40987,1.7166775
TS138,train,0.5,20.0,0.0021304262,258.46735,203.34834,159.53325,1.5341872
TS138,train,0.5,40.0,0.0020351023,267.4415,190.77644,187.41252,2.3747973
TS138,train,0.5,60.0,0.0020566087,265.59784,171.17249,203.05467,3.2959557
TS138,train,0.5,80.0,0.0022082492,249.61026,131.6974,212.00272,3.4294245
TS138,train,0.5,100.0,0.0025449824,216.27846,59.57392,207.90561,0.6269693
TS138,train,0.5,120.0,0.003136269,177.06451,-13.750434,176.48132,-3.680956
TS138,train,0.5,140.0,0.0036089167,150.58234,-134.85199,66.763535,-5.70189
TS138,train,0.5,160.0,0.002847287,193.77441,-192.77182,-19.357788,-3.5067935
TS138,train,0.75,0.0,0.0034900433,235.25154,213.80608,98.11179,1.6870388
TS138,train,0.75,20.0,0.0030831834,266.65723,208.27953,166.49731,1.729332
TS138,train,0.75,40.0,0.002952703,274.89822,195.82228,192.91356,2.641421
TS138,train,0.75,60.0,0.0029809135,272.9481,176.61192,208.07741,3.5049818
TS138,train,0.75,80.0,0.0031937058,258.12653,139.18262,217.35187,3.8462408
TS138,train,0.75,100.0,0.003680562,223.29076,63.479717,214.07324,1.0210283
TS138,train,0.75,120.0,0.0045229876,183.8043,-11.218788,183.42345,-3.6821039
TS138,train,0.75,140.0,0.005238607,155.70105,-141.10709,65.55919,-5.7377043
TS138,train,0.75,160.0,0.0041164397,200.29335,-199.04614,-22.02155,-3.6044776
TS138,train,1.0,0.0,0.0045405948,241.46346,218.70587,102.319466,1.6369745
TS138,train,1.0,20.0,0.0040060417,273.42328,212.73538,171.75514,1.8754365
TS138,train,1.0,40.0,0.0038549588,281.5768,200.43123,197.74884,2.8659103
TS138,train,1.0,60.0,0.003885527,279.5684,181.3656,212.72379,3.6749866
TS138,train,1.0,80.0,0.0041503157,264.94916,144.42546,222.08588,4.0658364
TS138,train,1.0,100.0,0.0047857473,229.07626,66.12432,219.32127,1.2313457
TS138,train,1.0,120.0,0.0058644977,189.1024,-10.073938,188.79756,-3.694842
TS138,train,1.0,140.0,0.006821088,159.99823,-145.985,65.22932,-5.695996
TS138,train,1.0,160.0,0.0053489804,205.59889,-204.20334,-23.630737,-3.6694312
TS138,train,2.0,0.0,0.008518916,260.4948,234.5897,113.23895,1.449192
TS138,train,2.0,20.0,0.0075223064,295.07465,228.09952,187.17505,2.2664855
TS138,train,2.0,40.0,0.007270544,302.90076,215.42982,212.90227,3.3886192
TS138,train,2.0,60.0,0.007328082,300.9962,195.98587,228.41052,4.1063104
TS138,train,2.0,80.0,0.007772616,286.06204,158.51329,238.08478,4.5366178
TS138,train,2.0,100.0,0.008980526,247.14941,72.566956,236.25114,1.5060282
TS138,train,2.0,120.0,0.01092848,205.1624,-8.853052,204.9366,-3.770367
TS138,train,2.0,140.0,0.012812556,173.2213,-159.71262,66.84924,-5.3491726
TS138,train,2.0,160.0,0.010016208,222.11401,-220.42485,-27.063654,-3.8817496
TS138,train,5.0,0.0,0.01922098,297.86118,267.07526,131.8739,1.1683316
TS138,train,5.0,20.0,0.01696222,338.0784,260.20126,215.83453,2.7838035
TS138,train,5.0,40.0,0.016476238,346.57498,246.33118,243.76,4.027409
TS138,train,5.0,60.0,0.016587302,344.50586,224.77362,261.03616,4.6058736
TS138,train,5.0,80.0,0.01750652,328.06448,183.66193,271.78595,5.196095
TS138,train,5.0,100.0,0.020245768,283.41174,83.34419,270.8753,1.5866284
TS138,train,5.0,120.0,0.024443844,236.9656,-9.163649,236.7546,-3.9982505
TS138,train,5.0,140.0,0.028875131,198.73543,-184.14357,74.61327,-4.4463134
TS138,train,5.0,160.0,0.022538505,255.13211,-253.04199,-32.273697,-4.5331283
TS138,train,10.0,0.0,0.034933742,336.34607,300.69705,150.69652,0.7174888
TS138,train,10.0,20.0,0.030790094,382.53513,293.8548,244.8963,2.8759747
TS138,train,10.0,40.0,0.029971153,391.80038,278.20602,275.84668,4.19059
TS138,train,10.0,60.0,0.030161232,389.66577,254.61092,294.94266,4.6409235
TS138,train,10.0,80.0,0.031746484,371.7403,209.34325,307.14172,5.4970317
TS138,train,10.0,100.0,0.03672029,321.55508,94.34626,307.3986,1.6009008
TS138,train,10.0,120.0,0.044080336,270.58624,-10.501645,270.3478,-4.323748
TS138,train,10.0,140.0,0.052398,224.91258,-208.51276,84.22507,-3.7737226
TS138,train,10.0,160.0,0.040837433,289.398,-286.95627,-37.125965,-5.3824105
TS151,test,0.25,0.0,0.0012980787,213.06944,197.37166,80.16107,-0.7778185
TS151,test,0.25,20.0,0.0011335945,247.66737,194.62312,153.13054,0.96267295
TS151,test,0.25,40.0,0.0010608629,259.9277,180.39392,187.13191,-0.32717386
TS151,test,0.25,60.0,0.001079344,260.22165,158.40437,206.44551,-1.8308433
TS151,test,0.25,80.0,0.0011498078,244.87987,118.00047,214.55124,-1.1592212
TS151,test,0.25,100.0,0.0013127448,214.38321,55.36658,207.03595,3.8487093
TS151,test,0.25,120.0,0.0016258289,172.39574,-21.059956,170.59392,12.571929
TS151,test,0.25,140.0,0.0018450805,147.48332,-124.136765,77.99063,15.780279
TS151,test,0.25,160.0,0.0015406765,179.76952,-179.55188,-3.3430812,7.81034
TS151,test,0.5,0.0,0.002439336,224.4779,205.20848,90.965355,0.63554585
TS151,test,0.5,20.0,0.0021141039,259.78824,200.26855,165.45383,1.2577453
TS151,test,0.5,40.0,0.0020012793,270.93912,186.47885,196.55347,-0.40917826
TS151,test,0.5,60.0,0.002021408,270.36343,166.2816,213.1709,-2.2200012
TS151,test,0.5,80.0,0.0021436962,256.9482,129.96506,221.63269,-2.7553957
TS151,test,0.5,100.0,0.0024420081,226.11317,65.17136,216.49188,2.2810154
TS151,test,0.5,120.0,0.00302771,183.0784,-13.957413,182.09839,12.66861
TS151,test,0.5,140.0,0.003503881,154.03078,-132.88329,76.15363,16.326628
TS151,test,0.5,160.0,0.0028964595,188.67957,-188.37253,-7.754231,7.447005
TS151,test,0.75,0.0,0.0035321538,231.95248,210.64993,97.080765,1.1448802
TS151,test,0.75,20.0,0.0030583267,268.14322,204.92569,172.9241,1.2819448
TS151,test,0.75,40.0,0.0029140473,278.68613,191.27196,202.6839,-0.48065716
TS151,test,0.75,60.0,0.0029285923,277.52658,171.28474,218.35005,-2.341883
TS151,test,0.75,80.0,0.003102942,265.31674,136.9567,227.2092,-3.3887568
TS151,test,0.75,100.0,0.0035298432,233.94662,70.44206,223.0822,1.4526008
TS151,test,0.75,120.0,0.0043679974,189.83221,-10.973029,189.09132,12.627223
TS151,test,0.75,140.0,0.0051031644,158.75662,-138.4857,75.89921,16.266016
TS151,test,0.75,160.0,0.0042014853,194.54858,-194.19046,-9.232349,7.3457146
TS151,test,1.0,0.0,0.0045955223,238.10246,215.3596,101.53828,1.4314681
TS151,test,1.0,20.0,0.003981618,275.1475,209.2274,178.6846,1.273133
TS151,test,1.0,40.0,0.0037968373,284.96393,195.39935,207.42044,-0.51834625
TS151,test,1.0,60.0,0.0038195995,284.0768,175.75024,223.17122,-2.4571104
TS151,test,1.0,80.0,0.004031034,271.88214,141.65675,232.0314,-3.7157676
TS151,test,1.0,100.0,0.0045862426,240.16283,73.85776,228.5215,0.9622509
TS151,test,1.0,120.0,0.0056666723,195.14528,-9.400059,194.51067,12.592619
TS151,test,1.0,140.0,0.006657114,162.72865,-142.79526,76.35425,16.124393
TS151,test,1.0,160.0,0.0054713646,199.39958,-199.01959,-9.874706,7.340754
TS151,test,2.0,0.0,0.008631366,256.67422,230.65103,112.5963,1.9387903
TS151,test,2.0,20.0,0.007475299,296.4699,224.05609,194.14293,1.3313382
TS151,test,2.0,40.0,0.0071806237,306.16083,209.75436,223.01843,-0.5809536
TS151,test,2.0,60.0,0.0072104586,305.10416,189.41841,239.16736,-2.8585565
TS151,test,2.0,80.0,0.007566506,292.9142,155.04306,248.47462,-4.5472183
TS151,test,2.0,100.0,0.008587116,258.8382,81.65217,245.6219,0.06920524
TS151,test,2.0,120.0,0.0105830915,211.02586,-7.26796,210.52129,12.643545
TS151,test,2.0,140.0,0.012563383,175.35907,-155.39192,79.7528,15.607225
TS151,test,2.0,160.0,0.010291766,214.76843,-214.38206,-10.401882,7.589764
TS151,test,5.0,0.0,0.019512063,292.7237,261.9983,130.5294,2.4768422
TS151,test,5.0,20.0,0.016879678,339.07327,255.84375,222.51248,1.6912986
TS151,test,5.0,40.0,0.016298572,349.27377,239.88034,253.86864,-0.551329
TS151,test,5.0,60.0,0.016363828,348.11383,217.08762,272.1106,-3.4704015
TS151,test,5.0,80.0,0.01708908,334.67517,179.12206,282.6453,-5.8645873
TS151,test,5.0,100.0,0.01937058,295.38916,93.97986,280.03888,-0.87427104
TS151,test,5.0,120.0,0.023785956,241.49097,-6.6765833,241.04639,13.036501
TS151,test,5.0,140.0,0.028460205,200.5773,-179.15092,88.95634,14.93196
TS151,test,5.0,160.0,0.023260692,246.18402,-245.80742,-10.889292,8.167792
TS151,test,10.0,0.0,0.035507612,330.32242,294.9928,148.60649,2.8745315
TS151,test,10.0,20.0,0.030673897,383.45755,289.495,251.4499,2.2992675
TS151,test,10.0,40.0,0.02970038,394.37405,271.9047,285.65482,-0.2412038
TS151,test,10.0,60.0,0.029812925,392.7993,246.39525,305.8877,-3.6568456
TS151,test,10.0,80.0,0.031081276,377.5383,203.74889,317.7609,-7.0419116
TS151,test,10.0,100.0,0.035229173,332.9729,106.26005,315.55746,-1.7983613
TS151,test,10.0,120.0,0.043156322,273.05603,-6.6146617,272.65143,13.30582
TS151,test,10.0,140.0,0.05178954,226.5721,-203.45293,98.58693,14.914399
TS151,test,10.0,160.0,0.04222179,279.38824,-278.96365,-12.834679,8.50479
TS157,train,0.25,0.0,0.0013180971,210.7224,194.07272,82.04601,0.6244093
TS157,train,0.25,20.0,0.0011626523,238.14223,190.90071,142.34995,0.10378793
TS157,train,0.25,40.0,0.0011211105,248.21165,177.68022,173.31403,0.8718212
TS157,train,0.25,60.0,0.0011165647,246.66476,156.22562,190.8759,1.5755111
TS157,train,0.25,80.0,0.0012016501,231.63907,117.24315,199.76411,1.5208088
TS157,train,0.25,100.0,0.0013936245,200.32095,53.654274,192.97023,-0.40653247
TS157,train,0.25,120.0,0.0017401533,160.90096,-17.482391,159.89218,-3.5263271
TS157,train,0.25,140.0,0.0019666108,138.54776,-121.17803,66.83561,-6.013709
TS157,train,0.25,160.0,0.0015641951,177.97119,-177.25546,-15.24413,-3.69313
TS157,train,0.5,0.0,0.002471641,220.79008,201.29575,90.690926,0.23567918
TS157,train,0.5,20.0,0.002186878,248.31906,196.37675,151.97307,-0.020613983
TS157,train,0.5,40.0,0.0021084805,257.51187,183.16536,181.00189,1.0196772
TS157,train,0.5,60.0,0.002106568,256.09763,163.31456,197.25774,1.857893
TS157,train,0.5,80.0,0.0022540314,242.60637,127.49088,206.39124,2.067352
TS157,train,0.5,100.0,0.0026082369,211.94829,62.98056,202.37416,0.0343138
TS157,train,0.5,120.0,0.0032394782,170.70848,-11.643568,170.26677,-3.4587
TS157,train,0.5,140.0,0.003727269,145.32118,-130.19531,64.24613,-6.256202
TS157,train,0.5,160.0,0.0029276505,187.65276,-186.40584,-21.296059,-3.49045
TS157,train,0.75,0.0,0.0035866667,228.00458,206.8269,95.9579,0.100463234
TS157,train,0.75,20.0,0.003175508,255.73613,201.03868,158.06146,-0.046840932
TS157,train,0.75,40.0,0.003063206,264.49487,187.6245,186.42188,1.1174252
TS157,train,0.75,60.0,0.0030670103,263.35034,168.3197,202.52814,2.050461
TS157,train,0.75,80.0,0.0032642197,250.30908,133.51198,211.71263,2.328211
TS157,train,0.75,100.0,0.0037658953,219.21579,67.29603,208.6295,0.04619996
TS157,train,0.75,120.0,0.0046752198,177.46657,-8.935584,177.2059,-3.406828
TS157,train,0.75,140.0,0.005416618,150.2083,-135.90945,63.655907,-6.198981
TS157,train,0.75,160.0,0.004237601,193.98059,-192.48048,-23.83139,-3.4116442
TS157,train,1.0,0.0,0.004670755,233.98946,211.65686,99.761086,-0.0006692742
TS157,train,1.0,20.0,0.0041425815,262.1742,205.37733,162.95787,-0.049538
TS157,train,1.0,40.0,0.003996307,270.76642,191.7267,191.19044,1.20712
TS157,train,1.0,60.0,0.0040094904,269.76428,172.55843,207.34381,2.2136467
TS157,train,1.0,80.0,0.004249562,256.95212,138.22658,216.58958,2.5212634
TS157,train,1.0,100.0,0.004889374,225.25726,70.358734,213.98645,0.012616526
TS157,train,1.0,120.0,0.006062986,182.87836,-7.4802394,182.69327,-3.367153
TS157,train,1.0,140.0,0.007057643,154.34723,-140.41129,63.79837,-6.095226
TS157,train,1.0,160.0,0.0055096126,199.1325,-197.4927,-25.2791,-3.3635945
TS157,train,2.0,0.0,0.0087735,252.71379,227.61656,109.79441,-0.3406298
TS157,train,2.0,20.0,0.0078116343,282.64227,220.26982,177.10973,-0.0052524568
TS157,train,2.0,40.0,0.0075530303,291.41544,205.65321,206.46405,1.5141133
TS157,train,2.0,60.0,0.0075725988,290.41437,185.62866,223.32755,2.7013068
TS157,train,2.0,80.0,0.007985229,277.9072,151.22253,233.14139,3.0384512
TS157,train,2.0,100.0,0.0091435,244.29889,78.31443,231.40608,-0.10912167
TS157,train,2.0,120.0,0.0112878615,199.27205,-5.3451447,199.17274,-3.3117175
TS157,train,2.0,140.0,0.013267742,167.33337,-153.49477,66.387764,-5.6980953
TS157,train,2.0,160.0,0.010331118,215.25787,-213.38661,-28.137857,-3.2199385
TS157,train,5.0,0.0,0.019776544,290.50656,260.84,127.88991,-0.85374457
TS157,train,5.0,20.0,0.017665144,323.91122,251.54822,204.06361,0.09944511
TS157,train,5.0,40.0,0.01711319,333.7433,234.69182,237.27565,2.1418962
TS157,train,5.0,60.0,0.01715767,333.2844,212.54726,256.69,3.5202942
TS157,train,5.0,80.0,0.01798064,320.0193,175.16173,267.79703,3.9331932
TS157,train,5.0,100.0,0.020483982,282.78052,92.38948,267.26205,-0.06806248
TS157,train,5.0,120.0,0.025158582,231.50844,-3.990833,231.44713,-3.529457
TS157,train,5.0,140.0,0.029848143,193.03732,-178.07607,74.33362,-5.1797986
TS157,train,5.0,160.0,0.023242844,247.62682,-245.47453,-32.44131,-2.975028
TS157,train,10.0,0.0,0.035833474,330.19406,295.78397,146.76094,-1.0857662
TS157,train,10.0,20.0,0.03209015,366.89594,284.3576,231.84769,0.20120552
TS157,train,10.0,40.0,0.031114785,378.00183,265.1822,269.3628,2.7327287
TS157,train,10.0,60.0,0.03116377,378.24908,241.19864,291.33994,4.077235
TS157,train,10.0,80.0,0.032546706,364.11673,199.95317,304.26614,4.673539
TS157,train,10.0,100.0,0.036918797,323.5912,106.796295,305.45993,0.18735607
TS157,train,10.0,120.0,0.04520994,265.49478,-3.202498,265.4435,-4.117389
TS157,train,10.0,140.0,0.053997934,219.52567,-203.05238,83.27879,-5.0876403
TS157,train,10.0,160.0,0.042079322,281.32852,-278.90018,-36.768173,-2.9223888
TS167,val,0.25,0.0,0.001324869,211.23993,197.94371,73.544014,-2.9389277
TS167,val,0.25,20.0,0.0011687865,242.26791,195.44325,142.87036,-8.7886
TS167,val,0.25,40.0,0.001085666,252.03886,180.8895,175.34561,-7.453575
TS167,val,0.25,60.0,0.0011000622,249.47232,157.35556,193.50749,-5.1331
TS167,val,0.25,80.0,0.0012156306,231.52182,111.40055,202.87218,-4.4718585
TS167,val,0.25,100.0,0.001397379,198.97293,35.501724,195.5466,-8.987179
TS167,val,0.25,120.0,0.0016291932,168.0972,-48.201107,160.06862,-17.533398
TS167,val,0.25,140.0,0.0017168664,158.0905,-128.62532,89.61012,-20.380676
TS167,val,0.25,160.0,0.0015390319,178.26971,-177.62009,11.160255,-10.11604
TS167,val,0.5,0.0,0.0024699713,223.07117,205.46779,86.57324,-5.9378667
TS167,val,0.5,20.0,0.0021734172,253.79346,201.0553,154.49376,-10.856538
TS167,val,0.5,40.0,0.0020600308,262.44525,187.50435,183.42253,-8.70271
TS167,val,0.5,60.0,0.0020831968,260.12128,166.46315,199.80196,-5.653402
TS167,val,0.5,80.0,0.0022638096,243.39877,124.67051,209.00424,-3.368317
TS167,val,0.5,100.0,0.0026200388,208.23383,42.459854,203.70952,-7.6075044
TS167,val,0.5,120.0,0.003083435,175.34834,-46.226044,168.2372,-17.492102
TS167,val,0.5,140.0,0.0032680223,163.93762,-134.97552,90.48545,-21.6492
TS167,val,0.5,160.0,0.0029088906,185.75839,-185.33568,7.7077975,-9.7775
TS167,val,0.75,0.0,0.003572451,231.21643,210.8903,94.485374,-7.4667726
TS167,val,0.75,20.0,0.0031453003,261.61777,205.80106,161.09038,-11.775715
TS167,val,0.75,40.0,0.0029978433,269.5808,192.3817,188.61423,-9.36284
TS167,val,0.75,60.0,0.0030305283,267.34094,171.84683,204.69798,-6.1821356
TS167,val,0.75,80.0,0.003278957,251.65642,132.48566,213.93605,-3.1171196
TS167,val,0.75,100.0,0.003803409,214.4231,45.6461,209.39186,-6.9551573
TS167,val,0.75,120.0,0.004488558,180.45091,-45.951984,173.64662,-17.252766
TS167,val,0.75,140.0,0.0047732177,168.33272,-139.50217,91.61153,-21.956095
TS167,val,0.75,160.0,0.004235274,191.14767,-190.81268,6.0562234,-9.525276
TS167,val,1.0,0.0,0.0046416777,237.61469,215.45184,99.85083,-8.403201
TS167,val,1.0,20.0,0.0040859305,268.03568,210.0718,166.00632,-12.4199705
TS167,val,1.0,40.0,0.0039129113,275.9622,196.79984,193.20062,-9.920363
TS167,val,1.0,60.0,0.0039524306,273.69116,176.36842,209.18144,-6.633947
TS167,val,1.0,80.0,0.004256475,257.9361,137.408,218.2634,-3.1513507
TS167,val,1.0,100.0,0.0049568624,219.36774,47.345734,214.09529,-6.614408
TS167,val,1.0,120.0,0.005857912,184.7332,-46.333305,178.01385,-17.046976
TS167,val,1.0,140.0,0.0062417933,172.18176,-143.3074,92.869865,-22.01297
TS167,val,1.0,160.0,0.005527631,195.67209,-195.38034,5.160499,-9.34015
TS167,val,2.0,0.0,0.0086830575,256.30762,230.14551,112.334656,-10.365877
TS167,val,2.0,20.0,0.0076743327,288.87766,224.89459,180.75061,-14.208931
TS167,val,2.0,40.0,0.0074019525,297.06345,211.58894,208.18964,-11.57049
TS167,val,2.0,60.0,0.007471253,294.76392,190.69691,224.6264,-7.964267
TS167,val,2.0,80.0,0.00798246,277.94595,151.01624,233.3149,-3.4787695
TS167,val,2.0,100.0,0.009356894,234.52823,50.20264,229.01015,-6.124147
TS167,val,2.0,120.0,0.011072221,198.3583,-49.6097,191.33653,-16.589561
TS167,val,2.0,140.0,0.011836983,184.82968,-155.34155,97.76343,-21.754028
TS167,val,2.0,160.0,0.010451212,210.12895,-209.90329,3.7611864,-8.978751
TS167,val,5.0,0.0,0.019581445,291.89813,260.32254,131.42085,-12.854654
TS167,val,5.0,20.0,0.017319039,330.81503,256.12686,208.70177,-16.768284
TS167,val,5.0,40.0,0.016780376,340.2079,241.99289,238.71152,-14.059136
TS167,val,5.0,60.0,0.016920147,337.66837,219.0783,256.75797,-9.998444
TS167,val,5.0,80.0,0.018019538,317.6301,174.5354,265.34473,-4.294384
TS167,val,5.0,100.0,0.021322643,265.21313,54.937237,259.3984,-5.6895366
TS167,val,5.0,120.0,0.02516087,225.98148,-58.013485,217.80452,-16.225079
TS167,val,5.0,140.0,0.02695193,210.63058,-179.11934,108.79992,-21.072918
TS167,val,5.0,160.0,0.023750633,239.36938,-239.19829,2.1173797,-8.797134
TS167,val,10.0,0.0,0.035657857,327.98642,291.7204,149.18398,-14.779581
TS167,val,10.0,20.0,0.031450886,374.29633,288.83575,237.3373,-18.51085
TS167,val,10.0,40.0,0.030520808,385.07373,273.69913,270.40894,-15.798432
TS167,val,10.0,60.0,0.030761383,382.26096,248.7988,289.98608,-11.43145
TS167,val,10.0,80.0,0.03275628,358.59418,197.82634,299.04758,-5.0057106
TS167,val,10.0,100.0,0.039021753,298.0475,61.889565,291.50333,-5.2712317
TS167,val,10.0,120.0,0.04588059,255.02422,-65.6204,245.90709,-16.15596
TS167,val,10.0,140.0,0.049199637,237.27513,-203.63326,119.95247,-21.08031
TS167,val,10.0,160.0,0.04331778,269.96454,-269.82202,-0.20039146,-8.768583
TS177,train,0.25,0.0,0.0011622392,244.04381,225.07487,93.366066,-12.630083
TS177,train,0.25,20.0,0.0010470639,271.52628,224.54921,150.69066,-24.368484
TS177,train,0.25,40.0,0.0010131628,279.38147,210.55959,181.4925,-27.879095
TS177,train,0.25,60.0,0.001045866,272.08405,181.9525,200.63792,-25.809393
TS177,train,0.25,80.0,0.0011556295,245.74736,125.95066,209.9682,-20.657658
TS177,train,0.25,100.0,0.0013599591,207.79543,43.031876,202.53163,-17.42798
TS177,train,0.25,120.0,0.0016175958,170.92447,-39.28689,165.16931,-19.494083
TS177,train,0.25,140.0,0.001718198,159.22319,-138.42093,76.060196,-19.723812
TS177,train,0.25,160.0,0.0013897141,203.65411,-202.67929,-18.315626,-5.7605524
TS177,train,0.5,0.0,0.0021549226,257.50015,233.2402,107.60838,-17.778008
TS177,train,0.5,20.0,0.0019457436,282.832,230.28064,161.70569,-28.38649
TS177,train,0.5,40.0,0.0018875756,289.117,217.36137,188.08008,-31.093914
TS177,train,0.5,60.0,0.0019454702,284.0306,193.87779,205.43587,-29.679396
TS177,train,0.5,80.0,0.0021441726,259.16437,141.27454,216.04193,-22.967722
TS177,train,0.5,100.0,0.0025378468,217.83362,50.936985,211.0677,-17.53001
TS177,train,0.5,120.0,0.0030440586,179.15723,-34.945072,174.65599,-19.252937
TS177,train,0.5,140.0,0.003250645,166.67577,-148.8158,72.04762,-20.87302
TS177,train,0.5,160.0,0.0025748727,216.00368,-214.04784,-28.571795,-3.798008
TS177,train,0.75,0.0,0.0031136496,266.5301,239.12642,115.91157,-20.489105
TS177,train,0.75,20.0,0.0028132317,291.04666,235.2171,168.67273,-30.459665
TS177,train,0.75,40.0,0.0027389287,296.73972,222.69144,193.31686,-33.034256
TS177,train,0.75,60.0,0.0028102717,291.6331,200.16623,209.76497,-31.319582
TS177,train,0.75,80.0,0.003091158,267.99405,150.12097,220.64224,-24.466785
TS177,train,0.75,100.0,0.0036679108,223.77412,53.850456,216.46272,-17.846716
TS177,train,0.75,120.0,0.004418783,184.50577,-33.776325,180.38434,-19.048553
TS177,train,0.75,140.0,0.004726793,172.18135,-156.02151,69.69203,-21.05837
TS177,train,0.75,160.0,0.003712081,223.79153,-221.2427,-33.54474,-2.6290066
TS177,train,1.0,0.0,0.0040358687,273.21997,243.9376,121.07047,-21.970333
TS177,train,1.0,20.0,0.0036665255,298.13864,239.84436,174.20087,-31.861506
TS177,train,1.0,40.0,0.0035771218,303.34952,227.33391,197.89659,-34.30885
TS177,train,1.0,60.0,0.0036557296,298.15198,205.17073,213.87424,-32.51504
TS177,train,1.0,80.0,0.0040129796,275.11,156.44897,224.84247,-25.581923
TS177,train,1.0,100.0,0.0047717183,228.61478,55.432957,221.0474,-18.164345
TS177,train,1.0,120.0,0.0057582385,188.82552,-33.637943,184.83931,-18.919472
TS177,train,1.0,140.0,0.006159707,176.84883,-161.779,68.27274,-20.9827
TS177,train,1.0,160.0,0.004815202,229.74294,-226.83716,-36.36452,-1.957634
TS177,train,2.0,0.0,0.007556726,293.86728,260.01453,134.56972,-25.321718
TS177,train,2.0,20.0,0.006895483,319.98306,255.55502,189.38028,-34.867027
TS177,train,2.0,40.0,0.006757662,324.5624,242.3267,212.6543,-37.3716
TS177,train,2.0,60.0,0.00689413,318.9135,219.6254,228.51088,-35.401665
TS177,train,2.0,80.0,0.007510604,295.6397,171.66872,239.0352,-28.191444
TS177,train,2.0,100.0,0.009004566,243.42316,57.646866,235.7193,-19.184559
TS177,train,2.0,120.0,0.010867613,202.0891,-35.7742,198.01694,-18.69457
TS177,train,2.0,140.0,0.011579724,191.58478,-178.68748,66.03756,-20.348639
TS177,train,2.0,160.0,0.009002555,247.0508,-243.5655,-41.337677,-1.0587451
TS177,train,5.0,0.0,0.017088141,333.12515,292.91898,155.87889,-29.539879
TS177,train,5.0,20.0,0.015629431,364.47516,288.5793,219.08119,-39.59188
TS177,train,5.0,40.0,0.0153858075,368.37762,273.30725,243.38219,-42.07529
TS177,train,5.0,60.0,0.01568948,361.07404,247.70912,259.7211,-39.491776
TS177,train,5.0,80.0,0.01699273,334.69986,195.78418,269.62555,-31.537504
TS177,train,5.0,100.0,0.020581398,273.16614,60.19545,265.63254,-20.87064
TS177,train,5.0,120.0,0.024748081,228.69565,-41.967163,224.05466,-18.43815
TS177,train,5.0,140.0,0.026077326,220.4313,-209.28679,66.43608,-19.369303
TS177,train,5.0,160.0,0.02034741,279.6149,-275.8027,-46.006416,-0.87548107
TS177,train,10.0,0.0,0.031207269,372.66974,326.93936,175.81873,-32.881084
TS177,train,10.0,20.0,0.02849337,410.2182,322.68997,249.49776,-43.60083
TS177,train,10.0,40.0,0.02812596,413.94223,305.67303,275.38974,-45.526333
TS177,train,10.0,60.0,0.02869799,405.03412,277.33698,292.13943,-42.32461
TS177,train,10.0,80.0,0.031040775,374.74045,219.38252,301.92084,-33.84561
TS177,train,10.0,100.0,0.037817866,305.29172,65.29278,297.409,-22.085651
TS177,train,10.0,120.0,0.045265757,257.21692,-47.197018,252.19394,-18.198723
TS177,train,10.0,140.0,0.047288056,249.21321,-238.41466,69.935104,-19.358362
TS177,train,10.0,160.0,0.037189484,312.02072,-308.23193,-48.46512,-1.0662047
TS198,train,0.25,0.0,0.0013741013,201.21736,188.17255,71.15474,-2.257502
TS198,train,0.25,20.0,0.0011809501,240.92242,183.75354,155.7595,1.9125297
TS198,train,0.25,40.0,0.0010700057,257.74597,169.1396,194.46405,-0.7032264
TS198,train,0.25,60.0,0.0010716582,261.8612,148.68301,215.53162,-3.2778423
TS198,train,0.25,80.0,0.00112435,250.92308,114.71225,223.14482,-2.2548554
TS198,train,0.25,100.0,0.001271966,223.03987,58.22652,215.18211,5.8484387
TS198,train,0.25,120.0,0.0015780068,177.13902,-22.377018,174.53911,19.768158
TS198,train,0.25,140.0,0.0017928176,152.25737,-123.59989,85.12843,25.53095
TS198,train,0.25,160.0,0.0015818106,172.98747,-172.11769,10.190833,13.96325
TS198,train,0.5,0.0,0.0025857922,211.28467,195.11548,81.03825,0.81171554
TS198,train,0.5,20.0,0.0021876527,254.72829,188.24954,171.57397,2.682865
TS198,train,0.5,40.0,0.002021801,269.40436,173.37071,206.20146,-1.3611209
TS198,train,0.5,60.0,0.002009812,271.212,154.08377,223.14926,-4.3064795
TS198,train,0.5,80.0,0.0020983135,261.9596,124.53407,230.41873,-4.5051804
TS198,train,0.5,100.0,0.0023610005,235.472,68.7948,225.16818,3.2234206
TS198,train,0.5,120.0,0.0029455437,189.02243,-13.167231,187.55165,19.504854
TS198,train,0.5,140.0,0.0033992492,158.49951,-131.99054,83.46064,27.089882
TS198,train,0.5,160.0,0.0029971886,179.99586,-179.27655,8.578791,13.591622
TS198,train,0.75,0.0,0.0037509222,218.28035,200.07812,87.23219,2.3120368
TS198,train,0.75,20.0,0.0031500412,263.32352,192.12347,180.0514,2.7471566
TS198,train,0.75,40.0,0.0029345662,276.6555,176.99219,212.6229,-1.6386399
TS198,train,0.75,60.0,0.0029140527,278.02982,157.95348,228.75905,-4.5355163
TS198,train,0.75,80.0,0.003038051,269.63483,130.03352,236.1495,-5.2299614
TS198,train,0.75,100.0,0.0034027887,242.91032,73.333405,231.56316,2.189986
TS198,train,0.75,120.0,0.0042426228,196.36021,-8.954589,195.23915,18.939486
TS198,train,0.75,140.0,0.0049534184,162.99431,-137.25122,83.53117,27.407768
TS198,train,0.75,160.0,0.004366947,185.06213,-184.3988,8.052914,13.42355
TS198,train,1.0,0.0,0.004879008,223.83421,204.22545,91.556755,3.207103
TS198,train,1.0,20.0,0.004091639,270.42023,195.83447,186.4621,2.792052
TS198,train,1.0,40.0,0.0038271483,283.0797,180.44246,218.1084,-1.785245
TS198,train,1.0,60.0,0.003804391,284.38654,161.54175,234.00404,-4.697803
TS198,train,1.0,80.0,0.0039565503,276.23642,134.1366,241.41791,-5.5953813
TS198,train,1.0,100.0,0.0044196555,249.04962,76.34918,237.05222,1.5855588
TS198,train,1.0,120.0,0.0054978044,202.06516,-6.6660805,201.10367,18.525572
TS198,train,1.0,140.0,0.0064687305,166.86882,-141.45226,84.169716,27.413992
TS198,train,1.0,160.0,0.005702562,189.42209,-188.78912,7.867154,13.322664
TS198,train,2.0,0.0,0.009176157,240.73535,217.6054,102.826256,5.283494
TS198,train,2.0,20.0,0.0076446,291.11624,208.59537,203.04141,3.2735066
TS198,train,2.0,40.0,0.0072328392,303.76843,192.65306,234.85507,-1.772768
TS198,train,2.0,60.0,0.0071930545,305.10672,173.12836,251.18298,-4.877869
TS198,train,2.0,80.0,0.007438428,296.79355,145.1775,258.7869,-6.264649
TS198,train,2.0,100.0,0.0082845595,267.6975,82.92487,254.52898,0.6394934
TS198,train,2.0,120.0,0.01024269,218.37968,-3.6991882,217.62564,17.748753
TS198,train,2.0,140.0,0.012236514,179.46667,-154.24455,87.71446,26.887127
TS198,train,2.0,160.0,0.010783583,203.62877,-203.04669,7.953216,13.170106
TS198,train,5.0,0.0,0.020793406,273.82056,245.10983,121.79728,8.015494
TS198,train,5.0,20.0,0.017236918,332.1547,236.5039,233.17337,4.777858
TS198,train,5.0,40.0,0.016433671,345.98688,219.19672,267.69086,-1.1466627
TS198,train,5.0,60.0,0.016347704,348.1621,197.6679,286.56274,-5.104671
TS198,train,5.0,80.0,0.016840076,339.0522,166.43587,295.30072,-7.277764
TS198,train,5.0,100.0,0.018728824,304.59064,92.99651,290.04672,0.01849389
TS198,train,5.0,120.0,0.023027413,249.05325,-3.0308242,248.44339,17.152782
TS198,train,5.0,140.0,0.027773958,205.25208,-179.32655,96.444374,25.86211
TS198,train,5.0,160.0,0.024486726,232.5433,-232.00635,8.7485075,13.149129
TS198,train,10.0,0.0,0.037900098,308.94168,274.40213,141.58838,10.057104
TS198,train,10.0,20.0,0.031328276,375.06247,266.60867,263.7249,6.3908687
TS198,train,10.0,40.0,0.029970972,390.24744,248.13736,301.19888,-0.36196962
TS198,train,10.0,60.0,0.029787997,393.2754,224.52173,322.83994,-5.467012
TS198,train,10.0,80.0,0.030639233,383.12387,189.068,333.11722,-8.372237
TS198,train,10.0,100.0,0.034122977,342.78503,103.22256,326.87405,-0.15979701
TS198,train,10.0,120.0,0.041827675,281.15842,-2.895121,280.6366,16.87543
TS198,train,10.0,140.0,0.05055785,232.12288,-205.1087,105.58141,25.768208
TS198,train,10.0,160.0,0.044616632,262.50604,-261.99094,9.557603,13.37271
TS221,train,0.25,0.0,0.0011965265,236.50623,220.08699,85.826225,10.313235
TS221,train,0.25,20.0,0.0010800711,262.42358,220.02173,141.384,21.54428
TS221,train,0.25,40.0,0.0010509577,267.9533,208.5088,166.6082,23.760544
TS221,train,0.25,60.0,0.0010993581,258.67612,182.52031,182.02455,21.50573
TS221,train,0.25,80.0,0.0012474359,227.52197,122.847984,190.64249,17.220917
TS221,train,0.25,100.0,0.0014750985,186.36803,23.207117,184.12407,17.052065
TS221,train,0.25,120.0,0.0016610564,164.73808,-55.907825,153.11504,23.821413
TS221,train,0.25,140.0,0.0016893583,162.2042,-138.71947,79.93755,25.94305
TS221,train,0.25,160.0,0.0014175643,198.40515,-197.88538,-10.008543,9.224784
TS221,train,0.5,0.0,0.0022254798,249.91534,228.59189,99.70851,16.051273
TS221,train,0.5,20.0,0.0020117299,273.4497,226.44609,151.1309,25.51767
TS221,train,0.5,40.0,0.0019640045,277.411,216.2185,171.73581,26.68133
TS221,train,0.5,60.0,0.0020435147,270.77524,195.10722,186.1027,24.769867
TS221,train,0.5,80.0,0.0023077738,242.98625,142.3025,196.04594,18.59229
TS221,train,0.5,100.0,0.0027891058,193.62956,25.992382,191.1517,16.66352
TS221,train,0.5,120.0,0.0031477464,171.22075,-56.383015,159.83424,24.299282
TS221,train,0.5,140.0,0.0031981831,168.82684,-146.51372,79.13754,27.781477
TS221,train,0.5,160.0,0.0026374739,209.52032,-208.53673,-18.807009,6.8763804
TS221,train,0.75,0.0,0.0032084275,258.34576,234.36147,107.05425,18.747845
TS221,train,0.75,20.0,0.0029085209,281.2428,231.82422,156.86263,27.348024
TS221,train,0.75,40.0,0.0028496932,284.93048,222.23824,176.04222,28.362867
TS221,train,0.75,60.0,0.0029484907,278.66177,202.19116,189.9328,26.360622
TS221,train,0.75,80.0,0.0033143174,252.7725,153.04132,200.18556,19.805168
TS221,train,0.75,100.0,0.0040630675,198.4426,26.633305,195.93066,16.771425
TS221,train,0.75,120.0,0.004586007,175.8749,-57.68704,164.3489,24.362787
TS221,train,0.75,140.0,0.0046585575,173.67752,-152.04765,79.01027,28.323835
TS221,train,0.75,160.0,0.003810198,216.8965,-215.55177,-23.45794,5.327315
TS221,train,1.0,0.0,0.0041612205,265.11694,239.32948,112.19023,20.472279
TS221,train,1.0,20.0,0.0037898845,288.108,236.8493,161.52061,28.62823
TS221,train,1.0,40.0,0.0037224225,291.64233,227.55647,180.00087,29.546373
TS221,train,1.0,60.0,0.0038368339,285.51645,207.9853,193.65605,27.5481
TS221,train,1.0,80.0,0.004287852,260.2111,160.27658,203.93367,20.732386
TS221,train,1.0,100.0,0.005309769,202.47679,26.668274,199.99332,16.976784
TS221,train,1.0,120.0,0.005991465,179.88177,-59.175896,168.11328,24.361954
TS221,train,1.0,140.0,0.0060811723,177.8316,-156.62502,79.24306,28.512268
TS221,train,1.0,160.0,0.004948071,222.71631,-221.11601,-26.279144,4.3289275
TS221,train,2.0,0.0,0.007787941,285.45953,255.5652,124.85837,24.161795
TS221,train,2.0,20.0,0.0071289698,309.84796,253.72253,175.03062,31.541443
TS221,train,2.0,40.0,0.0070226677,313.10138,244.33209,193.10962,32.29501
TS221,train,2.0,60.0,0.0072097243,306.62112,224.19858,206.98257,30.161644
TS221,train,2.0,80.0,0.007975008,281.1823,177.49367,216.874,22.91343
TS221,train,2.0,100.0,0.010091947,215.47557,25.659908,213.19922,17.814169
TS221,train,2.0,120.0,0.011350137,193.03448,-65.07203,180.0957,24.360706
TS221,train,2.0,140.0,0.011491942,191.27676,-170.93454,80.95886,28.524046
TS221,train,2.0,160.0,0.0092636915,239.95592,-237.85532,-31.581753,2.4923198
TS221,train,5.0,0.0,0.017598027,323.7014,288.37964,144.19746,28.755249
TS221,train,5.0,20.0,0.016131287,354.3585,288.79666,202.13974,36.13806
TS221,train,5.0,40.0,0.015939925,357.17465,278.2166,220.98639,36.527527
TS221,train,5.0,60.0,0.01632718,348.9624,255.11598,235.6881,33.789135
TS221,train,5.0,80.0,0.017920716,319.53433,203.73354,244.836,25.498257
TS221,train,5.0,100.0,0.02314801,242.60747,24.460133,240.59033,19.399937
TS221,train,5.0,120.0,0.025812058,220.39194,-77.068054,204.99928,24.665787
TS221,train,5.0,140.0,0.026071819,218.6859,-199.317,85.48412,28.082983
TS221,train,5.0,160.0,0.020925803,272.31265,-269.84036,-36.5926,1.1561152
TS221,train,10.0,0.0,0.032128613,362.1371,322.0015,162.49731,32.448784
TS221,train,10.0,20.0,0.029336847,400.06842,324.66507,230.34242,39.870728
TS221,train,10.0,40.0,0.029058268,402.4211,312.2629,250.73993,39.548485
TS221,train,10.0,60.0,0.02976746,392.5919,286.59348,265.86993,36.135143
TS221,train,10.0,80.0,0.03262595,358.15463,228.47333,274.51764,26.734636
TS221,train,10.0,100.0,0.042524982,271.90472,25.473812,269.92984,20.521744
TS221,train,10.0,120.0,0.047013473,249.78578,-88.32276,232.25584,25.480318
TS221,train,10.0,140.0,0.047467526,247.02522,-228.04276,90.73527,28.018635
TS221,train,10.0,160.0,0.03820466,304.35736,-301.8489,-38.980167,1.0883559
TS244,train,0.25,0.0,0.001209706,232.47679,213.63466,91.61024,-0.78074753
TS244,train,0.25,20.0,0.0010969006,255.50928,212.17535,142.27597,-4.7418933
TS244,train,0.25,40.0,0.0010674587,262.1663,199.06389,170.53935,-4.588377
TS244,train,0.25,60.0,0.0010990323,256.4848,172.49406,189.79263,-2.7726874
TS244,train,0.25,80.0,0.0012030124,234.47433,123.29243,199.3902,-2.1837716
TS244,train,0.25,100.0,0.0014011363,197.95877,46.25459,192.31592,-7.034422
TS244,train,0.25,120.0,0.0017065038,162.43817,-32.497482,158.42139,-15.052382
TS244,train,0.25,140.0,0.0018282562,149.6334,-130.89212,70.18077,-18.138952
TS244,train,0.25,160.0,0.0014473369,194.49324,-193.05716,-21.555046,-8.367929
TS244,train,0.5,0.0,0.002257228,244.11261,221.49553,102.55797,-3.0923557
TS244,train,0.5,20.0,0.0020560473,265.6544,218.416,151.09152,-6.014867
TS244,train,0.5,40.0,0.002004763,271.4763,206.21184,176.4888,-5.268852
TS244,train,0.5,60.0,0.0020531449,267.13782,182.57874,194.98294,-3.0038025
TS244,train,0.5,80.0,0.0022382296,247.63126,137.78197,205.74507,-0.9875467
TS244,train,0.5,100.0,0.0026287672,208.33305,54.340103,201.03387,-5.666173
TS244,train,0.5,120.0,0.0032077406,170.7699,-28.778023,167.63289,-15.27317
TS244,train,0.5,140.0,0.003460547,155.95135,-138.69838,68.64784,-19.231663
TS244,train,0.5,160.0,0.002693692,206.81082,-204.26244,-31.577309,-7.06826
TS244,train,0.75,0.0,0.0032629617,251.48528,227.04326,108.0651,-4.0940895
TS244,train,0.75,20.0,0.0029794849,272.94418,223.5408,156.47821,-6.4640837
TS244,train,0.75,40.0,0.0029079432,278.21902,211.34457,180.8588,-5.421222
TS244,train,0.75,60.0,0.0029755873,274.57318,188.69315,199.43794,-3.0815387
TS244,train,0.75,80.0,0.0032300896,256.36703,146.14284,210.62775,-0.66718477
TS244,train,0.75,100.0,0.0038100313,215.15007,58.44851,206.99388,-5.127741
TS244,train,0.75,120.0,0.0046468414,176.39714,-27.534145,173.55043,-15.426605
TS244,train,0.75,140.0,0.005038987,160.60316,-144.01611,68.325386,-19.586945
TS244,train,0.75,160.0,0.0038824494,214.0782,-210.97592,-35.721176,-6.5210667
TS244,train,1.0,0.0,0.004247375,257.61252,231.9265,112.033516,-4.7535114
TS244,train,1.0,20.0,0.003886562,279.45782,228.31651,161.00516,-6.74099
TS244,train,1.0,40.0,0.0037980343,284.51477,216.14882,184.9263,-5.532029
TS244,train,1.0,60.0,0.0038718826,280.78143,193.47247,203.46228,-3.0835152
TS244,train,1.0,80.0,0.0041893343,263.24307,151.93024,214.97075,-0.5257388
TS244,train,1.0,100.0,0.004958284,220.6394,61.03446,211.97266,-4.9010296
TS244,train,1.0,120.0,0.006044816,181.10286,-27.110586,178.38275,-15.582205
TS244,train,1.0,140.0,0.0065760757,164.61691,-148.39597,68.46523,-19.733475
TS244,train,1.0,160.0,0.0050337715,219.7049,-216.29228,-38.058315,-6.2645793
TS244,train,2.0,0.0,0.007992681,275.88193,247.50615,121.71292,-6.1234784
TS244,train,2.0,20.0,0.0073326062,300.1967,244.36185,174.22241,-7.20103
TS244,train,2.0,40.0,0.0071870573,304.8602,231.73299,198.00894,-5.658052
TS244,train,2.0,60.0,0.007308608,301.3412,208.49799,217.5468,-2.91373
TS244,train,2.0,80.0,0.007837171,284.33652,167.57231,229.70988,-0.18312858
TS244,train,2.0,100.0,0.009316723,237.53719,67.01783,227.83792,-4.7327566
TS244,train,2.0,120.0,0.011342651,195.89182,-27.609787,193.26096,-16.171011
TS244,train,2.0,140.0,0.01241385,177.55058,-161.87248,70.18139,-19.898592
TS244,train,2.0,160.0,0.009407406,236.59988,-232.692,-42.390934,-6.0781155
TS244,train,5.0,0.0,0.018165896,311.6768,279.23584,138.22556,-7.96592
TS244,train,5.0,20.0,0.016635144,342.34338,277.54425,200.26761,-7.813634
TS244,train,5.0,40.0,0.016366435,346.5328,263.35764,225.15247,-5.83995
TS244,train,5.0,60.0,0.016584307,342.93964,237.67375,247.2106,-2.3891654
TS244,train,5.0,80.0,0.017642638,325.08386,194.2647,260.65402,0.47109896
TS244,train,5.0,100.0,0.021053866,271.89044,77.691765,260.50565,-5.0207663
TS244,train,5.0,120.0,0.025519598,225.71179,-30.607431,222.93565,-17.569641
TS244,train,5.0,140.0,0.028100647,203.39954,-187.69717,75.690605,-20.299381
TS244,train,5.0,160.0,0.021228474,268.9195,-264.7569,-46.666473,-6.6112995
TS244,train,10.0,0.0,0.03325313,349.0376,312.40167,155.37929,-9.472552
TS244,train,10.0,20.0,0.030321406,385.78937,311.51938,227.41557,-8.442569
TS244,train,10.0,40.0,0.029905181,389.52594,295.2254,254.03638,-6.1602435
TS244,train,10.0,60.0,0.030249996,386.3774,267.8909,278.4206,-1.9843873
TS244,train,10.0,80.0,0.032044355,366.87814,220.47658,293.23703,1.3042338
TS244,train,10.0,100.0,0.03821457,309.04678,90.15553,295.5559,-5.3475947
TS244,train,10.0,120.0,0.046136186,257.78598,-33.40277,254.88133,-19.322807
TS244,train,10.0,140.0,0.05110687,229.63643,-213.29973,82.40669,-21.100863
TS244,train,10.0,160.0,0.038691767,301.64813,-297.42868,-49.70474,-7.5627007
TS271,train,0.25,0.0,0.0011917088,237.14069,220.83803,85.563896,-11.432516
TS271,train,0.25,20.0,0.0010697825,264.10657,219.05562,147.0339,-12.114129
TS271,train,0.25,40.0,0.0010275417,272.53177,204.33128,179.60974,-16.192572
TS271,train,0.25,60.0,0.001056159,268.906,178.08229,200.64703,-18.364086
TS271,train,0.25,80.0,0.0011643551,243.97842,123.24594,210.10033,-12.958353
TS271,train,0.25,100.0,0.0013495135,206.04688,34.253307,203.15013,2.269667
TS271,train,0.25,120.0,0.0015498075,178.00691,-46.600506,170.81305,18.337017
TS271,train,0.25,140.0,0.0016579651,164.10384,-135.83409,88.9838,23.67086
TS271,train,0.25,160.0,0.0014020274,199.49004,-198.65543,-7.148466,16.553705
TS271,train,0.5,0.0,0.0022176537,248.33913,228.22502,97.42658,-9.418068
TS271,train,0.5,20.0,0.0019963074,274.02463,224.68748,156.33633,-12.636859
TS271,train,0.5,40.0,0.0019248743,281.81863,210.83609,186.13916,-17.932203
TS271,train,0.5,60.0,0.0019649812,279.00616,187.63731,205.4462,-20.592176
TS271,train,0.5,80.0,0.0021559244,258.19965,141.35657,215.34451,-17.283762
TS271,train,0.5,100.0,0.0025338223,214.4624,40.356373,210.62172,1.3262314
TS271,train,0.5,120.0,0.0029220278,185.47688,-43.03758,179.39272,19.135386
TS271,train,0.5,140.0,0.003157905,169.33658,-141.183,90.16357,24.75181
TS271,train,0.5,160.0,0.0026210973,209.62401,-208.465,-15.893206,14.98384
TS271,train,0.75,0.0,0.0032143958,255.64867,233.47618,103.78584,-8.573975
TS271,train,0.75,20.0,0.0028929696,281.27454,229.46713,162.1224,-13.240754
TS271,train,0.75,40.0,0.0027984518,289.02075,216.03534,191.04483,-19.0652
TS271,train,0.75,60.0,0.0028454075,286.68597,194.29556,209.66917,-21.806637
TS271,train,0.75,80.0,0.0031095615,267.6126,151.9952,219.39703,-19.305864
TS271,train,0.75,100.0,0.003685346,220.15106,43.33903,215.84053,0.90632814
TS271,train,0.75,120.0,0.004248128,190.84941,-41.95535,185.17456,19.306904
TS271,train,0.75,140.0,0.0046175215,173.23349,-145.21869,91.10803,24.91239
TS271,train,0.75,160.0,0.0037937039,216.26207,-214.87256,-19.915636,14.1543455
TS271,train,1.0,0.0,0.004178694,260.911,237.69347,107.272675,-8.250123
TS271,train,1.0,20.0,0.0037753435,287.59686,233.91963,166.7392,-13.836815
TS271,train,1.0,40.0,0.0036597962,295.37964,220.73894,195.26073,-19.917252
TS271,train,1.0,60.0,0.003712128,293.3987,199.8176,213.6422,-22.640781
TS271,train,1.0,80.0,0.004027876,274.73322,159.10924,223.02322,-20.436117
TS271,train,1.0,100.0,0.0048109614,224.72598,45.03705,220.16568,0.70050573
TS271,train,1.0,120.0,0.005542449,195.39198,-41.683765,189.91179,19.330593
TS271,train,1.0,140.0,0.0060462784,176.70314,-148.81186,91.97335,24.89702
TS271,train,1.0,160.0,0.0049352897,221.41086,-219.89275,-21.936014,13.721263
TS271,train,2.0,0.0,0.0078898305,277.1689,251.76872,115.65562,-7.6733956
TS271,train,2.0,20.0,0.0071309693,307.38943,248.93575,179.66121,-15.525755
TS271,train,2.0,40.0,0.0069271247,315.56354,236.14822,208.15553,-22.036633
TS271,train,2.0,60.0,0.00699559,314.48026,216.1802,227.05418,-24.701397
TS271,train,2.0,80.0,0.0075242664,296.4067,178.17058,235.76425,-22.950304
TS271,train,2.0,100.0,0.009119916,238.74396,48.12463,233.84229,0.6936976
TS271,train,2.0,120.0,0.010473476,209.8223,-42.702717,204.53188,19.197802
TS271,train,2.0,140.0,0.011519038,188.29428,-160.65625,95.07168,24.60771
TS271,train,2.0,160.0,0.009299106,236.42108,-234.81177,-24.05766,13.401212
TS271,train,5.0,0.0,0.018093986,309.01657,280.8864,128.62671,-7.0155997
TS271,train,5.0,20.0,0.016256396,347.96753,280.6684,204.88002,-18.18856
TS271,train,5.0,40.0,0.015812868,357.25903,268.2048,234.64418,-25.343485
TS271,train,5.0,60.0,0.01588989,357.67575,249.03415,255.19826,-28.066385
TS271,train,5.0,80.0,0.016951486,337.35794,209.25887,263.30646,-26.281952
TS271,train,5.0,100.0,0.020944832,267.12683,52.850586,261.8411,1.6741637
TS271,train,5.0,120.0,0.023794904,238.87029,-46.804092,233.44923,19.231243
TS271,train,5.0,140.0,0.02644255,212.35886,-184.14867,102.88505,24.499153
TS271,train,5.0,160.0,0.021227365,264.68674,-263.29037,-22.809679,14.729838
TS271,train,10.0,0.0,0.033379946,343.422,311.8883,143.61897,-6.1580024
TS271,train,10.0,20.0,0.029755166,390.36978,313.98972,231.09306,-19.87529
TS271,train,10.0,40.0,0.028959816,400.89468,301.18948,263.1452,-27.496393
TS271,train,10.0,60.0,0.029001996,402.44116,282.98837,284.51166,-30.488876
TS271,train,10.0,80.0,0.030872159,378.4389,238.27365,292.64096,-28.335663
TS271,train,10.0,100.0,0.038600534,297.63284,59.39238,291.63412,2.718623
TS271,train,10.0,120.0,0.04341744,269.04633,-51.76066,263.25137,20.136566
TS271,train,10.0,140.0,0.048606213,237.32423,-207.39629,112.49092,25.599941
TS271,train,10.0,160.0,0.039090663,293.2974,-292.11246,-19.709593,17.469542
TS297,train,0.25,0.0,0.0011424334,244.95197,226.32176,92.74317,12.351617
TS297,train,0.25,20.0,0.0010363195,267.6127,225.10408,143.18112,20.817123
TS297,train,0.25,40.0,0.0010150059,273.0882,211.18245,171.54393,23.443884
TS297,train,0.25,60.0,0.0010545957,263.327,179.46614,191.37721,22.037682
TS297,train,0.25,80.0,0.0011780238,237.56264,123.975784,201.65843,19.22202
TS297,train,0.25,100.0,0.0013755996,200.66853,38.998,196.15091,16.449223
TS297,train,0.25,120.0,0.0016488245,167.51553,-39.345333,161.87302,17.338076
TS297,train,0.25,140.0,0.0017356819,157.80275,-139.2361,72.58741,15.392959
TS297,train,0.25,160.0,0.0013796375,206.0526,-204.76985,-22.04444,3.227614
TS297,train,0.5,0.0,0.0021372866,257.2978,234.36569,104.92926,16.13297
TS297,train,0.5,20.0,0.0019466169,278.32892,231.5719,152.53473,23.8999
TS297,train,0.5,40.0,0.0019091105,283.22165,219.30418,177.25278,26.479807
TS297,train,0.5,60.0,0.0019840898,276.77777,193.65994,196.07936,25.565222
TS297,train,0.5,80.0,0.0021937368,250.92123,139.53021,207.41945,21.088509
TS297,train,0.5,100.0,0.0025925217,209.0919,44.399147,203.6074,17.074812
TS297,train,0.5,120.0,0.003104971,175.36882,-35.574432,170.7647,18.057236
TS297,train,0.5,140.0,0.003282351,164.93266,-148.9434,68.96306,16.108845
TS297,train,0.5,160.0,0.0025525272,219.05296,-216.54091,-32.949493,1.346462
TS297,train,0.75,0.0,0.0030907195,264.73465,239.77408,110.79338,17.725828
TS297,train,0.75,20.0,0.0028389434,286.34937,236.92088,158.7774,25.575092
TS297,train,0.75,40.0,0.0027840452,290.58795,224.97847,181.76485,28.060717
TS297,train,0.75,60.0,0.002872176,284.4055,200.43974,199.94229,27.041187
TS297,train,0.75,80.0,0.0031730703,260.43817,149.75377,211.88773,22.351095
TS297,train,0.75,100.0,0.0037715319,214.79015,46.65971,208.92647,17.531229
TS297,train,0.75,120.0,0.004509729,180.66653,-34.48984,176.39183,18.342451
TS297,train,0.75,140.0,0.0047720103,170.18633,-155.55624,67.09622,16.1509
TS297,train,0.75,160.0,0.0036726145,226.58223,-223.4631,-37.440033,0.37535197
TS297,train,1.0,0.0,0.0040246774,271.0215,244.5932,115.20139,18.832325
TS297,train,1.0,20.0,0.0036967085,292.68195,241.5963,163.0656,26.51297
TS297,train,1.0,40.0,0.0036314519,296.77362,229.72821,185.61536,29.092813
TS297,train,1.0,60.0,0.0037406378,290.99612,205.92928,203.66663,28.132872
TS297,train,1.0,80.0,0.004123452,267.88702,156.94914,215.84448,23.25862
TS297,train,1.0,100.0,0.004921724,219.33716,47.756454,213.32774,17.87122
TS297,train,1.0,120.0,0.0058770925,185.01096,-34.339993,180.85033,18.517473
TS297,train,1.0,140.0,0.006221867,174.67395,-160.92696,65.98498,16.054888
TS297,train,1.0,160.0,0.0047618453,232.40738,-228.95177,-39.92365,-0.16552213
TS297,train,2.0,0.0,0.007588082,289.8963,260.24014,125.97854,21.079397
TS297,train,2.0,20.0,0.006993177,314.16577,258.05304,176.80933,29.107008
TS297,train,2.0,40.0,0.0068852413,317.57062,245.6771,198.69725,31.831884
TS297,train,2.0,60.0,0.007057291,311.51584,221.42964,216.96684,30.600628
TS297,train,2.0,80.0,0.00770784,288.9793,174.02664,229.30394,25.36273
TS297,train,2.0,100.0,0.00933454,233.60352,49.41455,227.5463,18.747736
TS297,train,2.0,120.0,0.011081993,198.63107,-35.805103,194.45093,19.00327
TS297,train,2.0,140.0,0.0117140375,188.96576,-176.95923,64.43177,15.542959
TS297,train,2.0,160.0,0.008906747,249.43462,-245.5532,-43.82568,-0.7486266
TS297,train,5.0,0.0,0.017282408,326.6499,292.28616,143.87447,23.855394
TS297,train,5.0,20.0,0.015891025,357.45135,292.03165,203.50601,32.77582
TS297,train,5.0,40.0,0.015707795,360.13757,277.92377,226.24559,35.642258
TS297,train,5.0,60.0,0.016056964,352.783,251.1943,245.3898,33.780212
TS297,train,5.0,80.0,0.017383078,328.46103,201.1617,258.1152,28.233671
TS297,train,5.0,100.0,0.02138419,262.75925,52.382656,256.69815,20.113058
TS297,train,5.0,120.0,0.0251637,225.88771,-40.81575,221.27606,19.90569
TS297,train,5.0,140.0,0.02642491,217.18684,-206.58638,65.34646,14.898542
TS297,train,5.0,160.0,0.020153021,282.00925,-278.06445,-47.00178,-0.4422065
TS297,train,10.0,0.0,0.031694453,365.06348,325.956,162.32,26.004595
TS297,train,10.0,20.0,0.02901369,401.88766,326.50366,231.6169,35.5336
TS297,train,10.0,40.0,0.02874572,404.2787,310.59366,255.96698,38.127884
TS297,train,10.0,60.0,0.029371995,395.78247,282.1462,275.2396,35.78338
TS297,train,10.0,80.0,0.03168491,368.3219,226.8903,288.55563,30.28934
TS297,train,10.0,100.0,0.039284058,294.243,58.191628,287.63153,21.46594
TS297,train,10.0,120.0,0.045915794,254.43127,-45.969864,249.40446,20.480547
TS297,train,10.0,140.0,0.04793643,245.9818,-235.98999,67.78961,14.842899
TS297,train,10.0,160.0,0.03683098,315.5971,-311.69168,-49.49518,-0.2048893
TS298,test,0.25,0.0,0.0013270717,207.18925,188.15578,86.57586,4.4836354
TS298,test,0.25,20.0,0.001118681,256.10025,183.56361,178.40053,6.583632
TS298,test,0.25,40.0,0.0009913024,281.83633,168.35022,225.93256,5.3055596
TS298,test,0.25,60.0,0.00094771385,289.63705,150.54108,247.40991,3.8799334
TS298,test,0.25,80.0,0.0009873612,285.11523,129.587,253.93852,3.5818284
TS298,test,0.25,100.0,0.0010942825,266.50293,99.34132,247.22594,4.6941123
TS298,test,0.25,120.0,0.0014664582,208.49364,33.63929,205.46858,7.496026
TS298,test,0.25,140.0,0.0020510205,133.88313,-116.933304,64.35073,8.980435
TS298,test,0.25,160.0,0.0015806252,175.1488,-174.50069,-14.718794,2.383228
TS298,test,0.5,0.0,0.0025043366,216.69601,194.63374,94.94394,7.560857
TS298,test,0.5,20.0,0.0020592767,273.1246,187.04004,198.85594,7.7534037
TS298,test,0.5,40.0,0.0018635348,295.5357,170.94295,241.01411,5.6525793
TS298,test,0.5,60.0,0.0017994279,299.64896,154.96017,256.43732,4.078935
TS298,test,0.5,80.0,0.0018493884,295.24887,136.35492,261.85214,3.5459116
TS298,test,0.5,100.0,0.0020047557,281.00333,110.40677,258.36655,4.2500906
TS298,test,0.5,120.0,0.0025878919,235.53021,56.14021,228.62982,6.7379255
TS298,test,0.5,140.0,0.0038557157,142.6731,-130.96672,55.72501,9.63761
TS298,test,0.5,160.0,0.0029742103,183.40248,-182.43848,-18.712778,1.4366317
TS298,test,0.75,0.0,0.0036423302,223.15768,199.22142,100.13374,9.090147
TS298,test,0.75,20.0,0.0029592842,283.58917,190.03685,210.32826,8.063983
TS298,test,0.75,40.0,0.0026928799,302.82574,173.95323,247.80382,5.9635544
TS298,test,0.75,60.0,0.0026178202,306.8886,158.52979,262.73486,4.389259
TS298,test,0.75,80.0,0.0026788698,302.71945,140.51854,268.103,3.7422223
TS298,test,0.75,100.0,0.0028809148,289.92007,115.81126,265.75192,4.124808
TS298,test,0.75,120.0,0.0036197205,248.88177,65.89266,239.92015,6.084171
TS298,test,0.75,140.0,0.0055695116,148.62016,-138.8415,52.093014,9.709097
TS298,test,0.75,160.0,0.004317069,189.08055,-187.99161,-20.239443,0.968611
TS298,test,1.0,0.0,0.004751361,228.37985,203.14964,103.86598,9.964845
TS298,test,1.0,20.0,0.0038261418,291.15503,192.9652,217.86092,8.328656
TS298,test,1.0,40.0,0.0035117615,309.6261,176.95245,254.00116,6.2800097
TS298,test,1.0,60.0,0.0034288783,313.7167,161.95885,268.6361,4.705946
TS298,test,1.0,80.0,0.0034980562,309.78372,144.35397,274.06616,3.9451516
TS298,test,1.0,100.0,0.0037340757,297.2649,119.66284,272.0847,4.121461
TS298,test,1.0,120.0,0.004606763,257.8074,71.40281,247.65643,5.6653214
TS298,test,1.0,140.0,0.0072257393,153.28284,-144.42883,50.4108,9.667735
TS298,test,1.0,160.0,0.0056228465,193.84567,-192.69939,-21.037895,0.70079356
TS298,test,2.0,0.0,0.008976502,244.10873,215.90349,113.322105,11.524649
TS298,test,2.0,20.0,0.00713134,313.13123,203.97655,237.39613,9.365862
TS298,test,2.0,40.0,0.0066297012,330.8476,188.18181,272.0144,7.4757514
TS298,test,2.0,60.0,0.0065031243,335.89954,173.47923,287.57736,5.7185006
TS298,test,2.0,80.0,0.0066061225,332.69376,155.94484,293.84402,4.689617
TS298,test,2.0,100.0,0.0069642137,320.6908,130.5209,292.8961,4.3280454
TS298,test,2.0,120.0,0.008309618,280.83646,82.20391,268.4937,4.7641354
TS298,test,2.0,140.0,0.0134614,166.7989,-159.10454,49.165245,9.502665
TS298,test,2.0,160.0,0.010577977,209.12578,-207.8964,-22.64129,0.22215101
TS298,test,5.0,0.0,0.02049042,275.19366,242.60957,129.22055,13.19835
TS298,test,5.0,20.0,0.016090369,353.85373,228.99516,269.52762,11.337522
TS298,test,5.0,40.0,0.015110257,374.1192,213.35677,307.17065,9.499327
TS298,test,5.0,60.0,0.014831746,382.04913,198.6306,326.27127,7.3816648
TS298,test,5.0,80.0,0.014992196,380.14,179.63834,334.96436,5.946999
TS298,test,5.0,100.0,0.015637698,368.46375,151.0002,336.067,4.8423295
TS298,test,5.0,120.0,0.018220648,321.85974,96.53622,307.02225,3.4337978
TS298,test,5.0,140.0,0.030106548,192.01279,-184.49887,52.289967,9.73811
TS298,test,5.0,160.0,0.023878368,240.26517,-238.87973,-25.764019,-0.20072451
TS298,test,10.0,0.0,0.037573863,308.47662,271.50586,145.73883,14.233339
TS298,test,10.0,20.0,0.02939849,395.0421,256.4574,300.21448,12.614851
TS298,test,10.0,40.0,0.027678985,418.847,241.12233,342.3148,10.647325
TS298,test,10.0,60.0,0.02710419,429.8684,225.98262,365.5758,8.543747
TS298,test,10.0,80.0,0.027303005,429.31445,204.62344,377.35327,6.683223
TS298,test,10.0,100.0,0.028306914,418.04575,172.16576,380.91302,5.1435657
TS298,test,10.0,120.0,0.0327505,364.061,109.94229,347.05527,2.3956606
TS298,test,10.0,140.0,0.0544397,217.4584,-209.50015,57.335495,10.511221
TS298,test,10.0,160.0,0.043317735,272.17575,-270.62076,-29.048996,-0.44307193
TS300,val,0.25,0.0,0.0012818407,216.47876,199.55997,83.119835,10.988318
TS300,val,0.25,20.0,0.0011180708,249.6713,195.97284,154.18944,11.657384
TS300,val,0.25,40.0,0.001042211,264.25766,180.68935,192.3757,13.010275
TS300,val,0.25,60.0,0.001036905,265.81342,158.44447,213.02022,13.134593
TS300,val,0.25,80.0,0.0011044093,252.55896,121.376144,221.20325,10.501527
TS300,val,0.25,100.0,0.0012756782,221.73483,60.919563,213.14716,2.1651757
TS300,val,0.25,120.0,0.0016054023,176.59828,-15.45837,175.60416,-9.253246
TS300,val,0.25,140.0,0.0018545358,147.56538,-124.8008,77.31441,-14.761268
TS300,val,0.25,160.0,0.0015293875,181.47954,-180.96518,-6.1732616,-11.868151
TS300,val,0.5,0.0,0.002406844,227.199,206.70871,93.665794,10.79162
TS300,val,0.5,20.0,0.0020884478,261.79156,201.14276,167.03497,12.917428
TS300,val,0.5,40.0,0.0019723428,275.69495,185.72319,203.20393,14.919014
TS300,val,0.5,60.0,0.0019580147,276.40854,166.06639,220.44585,15.067335
TS300,val,0.5,80.0,0.0020703166,264.6658,133.39682,228.21745,13.017372
TS300,val,0.5,100.0,0.0023704704,234.22256,71.45513,223.01178,4.1245937
TS300,val,0.5,120.0,0.002971128,188.94542,-6.3372164,188.60406,-9.116982
TS300,val,0.5,140.0,0.0035114046,154.03896,-133.36351,75.556496,-15.263612
TS300,val,0.5,160.0,0.0028708077,190.28772,-189.59058,-10.985809,-11.935721
TS300,val,0.75,0.0,0.0034906054,234.26064,211.83807,99.42211,10.812085
TS300,val,0.75,20.0,0.0030316368,270.4092,205.4925,175.22133,13.804479
TS300,val,0.75,40.0,0.0028632001,282.8132,189.70345,209.17201,15.566758
TS300,val,0.75,60.0,0.0028538865,284.05655,171.23729,226.08577,15.847085
TS300,val,0.75,80.0,0.0029971143,272.30585,139.5453,233.41171,13.912489
TS300,val,0.75,100.0,0.0034231553,241.99385,76.56458,229.50812,4.966143
TS300,val,0.75,120.0,0.0042690057,196.48242,-2.348727,196.25818,-9.03552
TS300,val,0.75,140.0,0.0051087486,158.62059,-138.65878,75.514496,-15.212779
TS300,val,0.75,160.0,0.0041642957,196.20918,-195.41316,-12.903027,-12.041338
TS300,val,1.0,0.0,0.004542895,239.87148,216.20456,103.31816,10.888804
TS300,val,1.0,20.0,0.003945826,277.07443,209.4737,180.78972,14.332304
TS300,val,1.0,40.0,0.0037376431,289.281,193.49744,214.43813,16.076172
TS300,val,1.0,60.0,0.003718858,290.28983,175.236,230.85683,16.297087
TS300,val,1.0,80.0,0.003903483,279.0035,144.55104,238.19011,14.576443
TS300,val,1.0,100.0,0.00444422,248.02475,79.63636,234.83006,5.38503
TS300,val,1.0,120.0,0.005523164,202.21199,-0.29435495,202.00938,-9.03069
TS300,val,1.0,140.0,0.0066649476,162.50092,-142.7821,76.106766,-15.078473
TS300,val,1.0,160.0,0.005422643,201.03566,-200.19162,-13.805679,-12.166112
TS300,val,2.0,0.0,0.00856289,256.94632,230.56197,112.86728,11.115274
TS300,val,2.0,20.0,0.007418826,297.65964,223.4579,196.03487,15.431269
TS300,val,2.0,40.0,0.007070998,310.05255,206.73314,230.42372,17.28869
TS300,val,2.0,60.0,0.0070422255,311.65826,188.81572,247.32207,17.6434
TS300,val,2.0,80.0,0.007357167,300.02368,158.33774,254.33073,16.100267
TS300,val,2.0,100.0,0.008327518,266.36847,86.71018,251.78833,6.0114174
TS300,val,2.0,120.0,0.010262555,218.84045,2.733301,218.62453,-9.325303
TS300,val,2.0,140.0,0.012586183,174.78384,-154.74225,79.94172,-14.611967
TS300,val,2.0,160.0,0.01021053,216.11499,-215.2268,-14.902831,-12.688902
TS300,val,5.0,0.0,0.019496286,289.7993,259.93152,127.670006,10.936365
TS300,val,5.0,20.0,0.016812287,338.70935,253.72986,223.75905,16.645542
TS300,val,5.0,40.0,0.016094709,352.6806,235.43689,261.88824,19.173574
TS300,val,5.0,60.0,0.016001886,355.48596,217.16882,280.73505,19.894457
TS300,val,5.0,80.0,0.016671548,341.60068,183.00458,287.8603,18.352423
TS300,val,5.0,100.0,0.018833546,302.5471,98.10794,286.1307,6.227662
TS300,val,5.0,120.0,0.022992045,250.64052,4.836266,250.37119,-10.561815
TS300,val,5.0,140.0,0.028557578,199.46756,-177.60388,89.684105,-14.17488
TS300,val,5.0,160.0,0.02313782,246.31767,-245.41158,-15.780113,-14.019223
TS300,val,10.0,0.0,0.035732564,324.20447,290.83304,142.88933,10.359477
TS300,val,10.0,20.0,0.030651603,381.45285,285.7333,252.13295,17.080029
TS300,val,10.0,40.0,0.029383443,397.27127,266.59238,293.82846,20.44023
TS300,val,10.0,60.0,0.029169051,401.33984,247.91667,314.86954,21.636223
TS300,val,10.0,80.0,0.030400082,384.27975,207.69635,322.6932,20.055853
TS300,val,10.0,100.0,0.034333266,340.4837,110.13386,322.1214,6.1214457
TS300,val,10.0,120.0,0.041640606,283.81473,5.984675,283.48392,-12.322448
TS300,val,10.0,140.0,0.052030254,225.07202,-201.35225,99.55145,-14.289517
TS300,val,10.0,160.0,0.042153385,277.74722,-276.78098,-17.054232,-15.651107
